Task,Date,Day,Week,Start Time,End Time,Category,Course Section,Lecture Numbers,Lecture Titles,Task Description,Deliverable,Priority,Status,GitHub Required,GitHub Evidence,LinkedIn Required,LinkedIn URL,Lab Required,Presentation Required,Estimated Duration,Notes
SETUP: Create AWS billing budget alarm,2026-09-01,Tuesday,Week 1,08:00,08:20,Project,,,,"AWS Console > Billing > Budgets > monthly cost budget with an email alert, set at $5. Do this BEFORE launching anything all programme.",Billing alarm active,High,Not Started,No,,No,,No,No,20m,One-off. The single most important cost-safety step.
SETUP: Push yaco-devops-journey to GitHub,2026-09-01,Tuesday,Week 1,08:20,08:40,GitHub,,,,"Unzip the repo, git init, commit, and push to github.com/paragonadey/yaco-devops-journey. Confirm .gitignore is committed FIRST.",Repo live on GitHub,High,Not Started,Yes,,No,,No,No,20m,One-off setup task.
SETUP: Read the plan and the repo README,2026-09-01,Tuesday,Week 1,08:40,09:00,Revision,,,,Read docs/study-plan-summary.md and the root README so you know where the whole thing is going.,-,Medium,Not Started,No,,No,,No,No,20m,One-off setup task.
Tech365 in-person DevOps class,2026-09-01,Tuesday,Week 1,09:00,13:00,Tech365,,,,Fixed commitment. No Udemy work during this block.,Class notes,High,Not Started,No,,No,,No,No,4h 00m,"If Tech365 covers the same topic as today's lectures, note where the two explanations differ."
Watch lectures 119-122 - AWS storage & load balancing,2026-09-01,Tuesday,Week 1,14:00,15:00,Udemy,S13: AWS Part-1 (tail of section - name not visible in screenshots),"119, 120, 121, 122",119. EBS Snapshots | 120. ELB Introduction | 121. ELB Hands On Part 1 | 122. ELB Hands On Part 2,Lighter load today by design. Quality of attention beats volume.,Notes in week-XX/notes.md,High,Not Started,No,,No,,No,No,1h 00m,
Short practical reinforcement,2026-09-01,Tuesday,Week 1,15:00,16:00,Practice,,,,Attach and snapshot an EBS volume on a t3.micro; put two EC2s behind a Classic/Application Load Balancer and prove traffic alternates.,Working exercise committed to the repo,Medium,Not Started,No,,No,,No,No,1h 00m,
Revision & interview prep,2026-09-01,Tuesday,Week 1,16:00,16:30,Revision,,,,"Lectures 1-118 are already complete - keep them alive. Re-explain one earlier concept out loud, or answer one interview question from a past lab in writing.",One answered question in labs/lab-XX/answers.md,Medium,Not Started,No,,No,,No,No,30m,
Push today's work to GitHub,2026-09-01,Tuesday,Week 1,16:30,16:45,GitHub,,,,"Push whatever you built today, even if small.",Commit URL,Medium,Not Started,Yes,,No,,No,No,15m,
Publish LinkedIn learning report,2026-09-01,Tuesday,Week 1,16:45,17:00,LinkedIn,,,,"Short post is fine on Tech365 days - one thing learned, one thing built.",LinkedIn post URL,High,Not Started,No,,Yes,,No,No,15m,
"Watch lectures 123-127 - CloudWatch, EFS, Autoscaling, S3",2026-09-02,Wednesday,Week 1,09:00,10:30,Udemy,S13: AWS Part-1 (tail of section - name not visible in screenshots),"123, 124, 125, 126, 127",123. Cloudwatch Introduction | 124. Cloudwatch Hands On | 125. EFS | 126. Autoscaling Group Introduction | 127. Autoscaling Group Hands On,"Watch actively. Pause after each lecture and write one sentence: what does it do, when would you use it?",Notes in week-XX/notes.md,High,Not Started,No,,No,,No,No,1h 30m,
"Watch lectures 128 - CloudWatch, EFS, Autoscaling, S3",2026-09-02,Wednesday,Week 1,10:45,12:15,Udemy,S13: AWS Part-1 (tail of section - name not visible in screenshots),128,128. S3 Introduction,"No passive watching. If a lecture is a demo, follow along in your own terminal.",Notes in week-XX/notes.md,High,Not Started,No,,No,,No,No,1h 30m,
"Hands-on exercise: CloudWatch, EFS, Autoscaling, S3",2026-09-02,Wednesday,Week 1,13:15,15:15,Practice,,,,"Build a CloudWatch alarm on CPU, mount an EFS share across two instances, create a launch template + ASG (min 1 / max 2), create your first S3 bucket.",Working exercise committed to the repo,High,Not Started,No,,No,,No,No,2h 00m,
Troubleshooting & revision,2026-09-02,Wednesday,Week 1,15:30,16:30,Revision,,,,"Break something on purpose, then fix it. Record symptom, cause and fix.",New row in docs/troubleshooting-log.md,Medium,Not Started,No,,No,,No,No,1h 00m,This log is where your interview answers come from.
Push today's work to GitHub,2026-09-02,Wednesday,Week 1,16:30,16:45,GitHub,,,,"Commit exercises and notes. Small commits, honest messages.",Commit URL,High,Not Started,Yes,,No,,No,No,15m,
Publish LinkedIn learning report,2026-09-02,Wednesday,Week 1,16:45,17:00,LinkedIn,,,,Use linkedin-report-template.md: learned / built / problem / solution / insight. Attach evidence.,LinkedIn post URL,High,Not Started,No,,Yes,,No,No,15m,
Tech365 in-person DevOps class,2026-09-03,Thursday,Week 1,09:00,13:00,Tech365,,,,Fixed commitment. No Udemy work during this block.,Class notes,High,Not Started,No,,No,,No,No,4h 00m,"If Tech365 covers the same topic as today's lectures, note where the two explanations differ."
Watch lectures 129-131 - S3 static hosting & RDS,2026-09-03,Thursday,Week 1,14:00,15:00,Udemy,S13: AWS Part-1 (tail of section - name not visible in screenshots),"129, 130, 131",129. S3 Website Hosting | 130. More in S3 | 131. RDS,Lighter load today by design. Quality of attention beats volume.,Notes in week-XX/notes.md,High,Not Started,No,,No,,No,No,1h 00m,
Short practical reinforcement,2026-09-03,Thursday,Week 1,15:00,16:00,Practice,,,,"Host a one-page site on S3, then launch a free-tier db.t3.micro MySQL RDS instance and connect to it from an EC2 over a security group rule.",Working exercise committed to the repo,Medium,Not Started,No,,No,,No,No,1h 00m,
Revision & interview prep,2026-09-03,Thursday,Week 1,16:00,16:30,Revision,,,,"Lectures 1-118 are already complete - keep them alive. Re-explain one earlier concept out loud, or answer one interview question from a past lab in writing.",One answered question in labs/lab-XX/answers.md,Medium,Not Started,No,,No,,No,No,30m,
Push today's work to GitHub,2026-09-03,Thursday,Week 1,16:30,16:45,GitHub,,,,"Push whatever you built today, even if small.",Commit URL,Medium,Not Started,Yes,,No,,No,No,15m,
Publish LinkedIn learning report,2026-09-03,Thursday,Week 1,16:45,17:00,LinkedIn,,,,"Short post is fine on Tech365 days - one thing learned, one thing built.",LinkedIn post URL,High,Not Started,No,,Yes,,No,No,15m,
Watch lectures 132-135 - Lift & Shift project setup,2026-09-04,Friday,Week 1,09:00,10:30,Udemy,S14: AWS Cloud For Project Set Up | Lift & Shift,"132, 133, 134, 135",132. Introduction | 133. Security Group & Keypairs | 134. EC2 Instances | 135. DNS Route 53,"Watch actively. Pause after each lecture and write one sentence: what does it do, when would you use it?",Notes in week-XX/notes.md,High,Not Started,No,,No,,No,No,1h 30m,
Watch lectures 136-139 - Lift & Shift project setup,2026-09-04,Friday,Week 1,10:45,12:15,Udemy,S14: AWS Cloud For Project Set Up | Lift & Shift,"136, 137, 138, 139",136. Build and Deploy Artifacts | 137. Load Balancer & DNS | 138. Autoscaling Group | 139. Validate & Summarize,"No passive watching. If a lecture is a demo, follow along in your own terminal.",Notes in week-XX/notes.md,High,Not Started,No,,No,,No,No,1h 30m,
Hands-on exercise: Lift & Shift project setup,2026-09-04,Friday,Week 1,13:15,15:15,Practice,,,,"Walk the whole Section 14 stack once, following the lectures exactly. Take notes on every security group rule - you will rebuild it unaided tomorrow.",Working exercise committed to the repo,High,Not Started,No,,No,,No,No,2h 00m,
Troubleshooting & revision,2026-09-04,Friday,Week 1,15:30,16:30,Revision,,,,"Break something on purpose, then fix it. Record symptom, cause and fix.",New row in docs/troubleshooting-log.md,Medium,Not Started,No,,No,,No,No,1h 00m,This log is where your interview answers come from.
Push today's work to GitHub,2026-09-04,Friday,Week 1,16:30,16:45,GitHub,,,,"Commit exercises and notes. Small commits, honest messages.",Commit URL,High,Not Started,Yes,,No,,No,No,15m,
Publish LinkedIn learning report,2026-09-04,Friday,Week 1,16:45,17:00,LinkedIn,,,,Use linkedin-report-template.md: learned / built / problem / solution / insight. Attach evidence.,LinkedIn post URL,High,Not Started,No,,Yes,,No,No,15m,
LAB 1: Lift & Shift: multi-tier vProfile stack on AWS EC2 - build phase,2026-09-05,Saturday,Week 1,09:00,11:00,Lab,,,,"Rebuild the Section 14 architecture from scratch WITHOUT replaying the videos: MySQL, Memcached and RabbitMQ on private EC2s, Tomcat app EC2, Nginx web EC2, an Application Load Balancer in front, a Route 53 record, and an Autoscaling Group for the app tier. Everything free-tier sized.",Working build for Lab 1,High,Not Started,No,,No,,Yes,No,2h 00m,
LAB 1: continue building,2026-09-05,Saturday,Week 1,11:15,13:00,Lab,,,,Keep going. Note every error message you hit - you will need them tonight.,Working build for Lab 1,High,Not Started,No,,No,,Yes,No,1h 45m,
LAB 1: verify against acceptance criteria,2026-09-05,Saturday,Week 1,14:00,15:00,Lab,,,,Do not mark the lab done until all pass. Criteria: Security group chained rules (web -> app -> db) rather than 0.0.0.0/0 everywhere; Artifact build with Maven and deploy to Tomcat; Route 53 private hosted zone for backend service discovery; Health checks that actually fail when the app is down,All acceptance criteria ticked,High,Not Started,No,,No,,Yes,No,1h 00m,
LAB 1: troubleshooting challenges,2026-09-05,Saturday,Week 1,15:00,15:45,Lab,,,,Work the deliberate breakages. Hints only - do not look up answers. Challenges: Your ALB target group shows 'unhealthy' but the app runs fine when you curl it from the instance itself. / Tomcat starts but the app page returns 500 with a database connection error. / The Route 53 name resolves on one instance but not another.,Entries in docs/troubleshooting-log.md,High,Not Started,No,,No,,Yes,No,45m,
Cleanup & cloud cost check,2026-09-05,Saturday,Week 1,15:45,16:30,Lab,,,,"Destroy or stop every billable resource, run python3 scripts/aws_audit.py --all-regions, check the Billing dashboard.","Clean AWS account, audit output saved",High,Not Started,No,,No,,No,No,45m,Never skip. A forgotten NAT gateway costs more than the course did.
Commit Lab 1 to GitHub,2026-09-05,Saturday,Week 1,16:30,16:45,GitHub,,,,"Push lab code, README updates and screenshots.",Commit URL,High,Not Started,Yes,,No,,No,No,15m,
Publish LinkedIn lab report - Lab 1,2026-09-05,Saturday,Week 1,16:45,17:00,LinkedIn,,,,Today's post is about what you BUILT. Attach a screenshot as evidence.,LinkedIn post URL,High,Not Started,No,,Yes,,No,No,15m,
"Finish, test and troubleshoot the week's lab",2026-09-06,Sunday,Week 1,10:00,12:00,Lab,,,,"Finish and document Lab 1. Draw the lift-and-shift architecture by hand, photograph or redraw it digitally, and record a 5-minute walkthrough.",Completed lab,High,Not Started,No,,No,,Yes,No,2h 00m,
"Documentation: README, architecture diagram, screenshots",2026-09-06,Sunday,Week 1,12:00,13:00,GitHub,,,,"Update the lab README: objective, architecture, steps, verification, troubleshooting, cleanup. Add your hand-drawn diagram to architecture/.",Updated README + diagram committed,High,Not Started,Yes,,No,,No,No,1h 00m,
Explain the week's project out loud (record it),2026-09-06,Sunday,Week 1,14:00,15:00,Presentation,,,,Answer all six aloud and record: What did I build? Why? How does it work? What problem did I hit? How did I troubleshoot it? What would I improve?,Recording + written answers,High,Not Started,No,,No,,No,Yes,1h 00m,"If any answer is vague, that is the thing to revisit before moving on."
Weekly reflection + LinkedIn summary post,2026-09-06,Sunday,Week 1,15:00,15:30,LinkedIn,,,,"One weekly post tying the week together, with your best evidence attached.",LinkedIn post URL,High,Not Started,No,,Yes,,No,No,30m,
Watch lectures 140-146 - Re-architecting on PAAS/SAAS,2026-09-07,Monday,Week 2,09:00,10:30,Udemy,S15: Re-Architecting Web App on AWS Cloud [PAAS & SAAS],"140, 141, 142, 143, 144, 145, 146",140. Introduction | 141. Security Group And Keypairs | 142. RDS | 143. Elastic Cache | 144. Amazon MQ | 145. DB Initialization | 146. Beanstalk,"Watch actively. Pause after each lecture and write one sentence: what does it do, when would you use it?",Notes in week-XX/notes.md,High,Not Started,No,,No,,No,No,1h 30m,
Watch lectures 147-150 - Re-architecting on PAAS/SAAS,2026-09-07,Monday,Week 2,10:45,12:15,Udemy,S15: Re-Architecting Web App on AWS Cloud [PAAS & SAAS],"147, 148, 149, 150",147. Update on Security Group & ELB | 148. Build & Deploy Artifact | 149. Cloud front | 150. Validate and Summarize,"No passive watching. If a lecture is a demo, follow along in your own terminal.",Notes in week-XX/notes.md,High,Not Started,No,,No,,No,No,1h 30m,
Hands-on exercise: Re-architecting on PAAS/SAAS,2026-09-07,Monday,Week 2,13:15,15:15,Practice,,,,"Deploy the app to Elastic Beanstalk backed by RDS, ElastiCache and Amazon MQ. Front it with CloudFront. DESTROY EVERYTHING before you close the laptop.",Working exercise committed to the repo,High,Not Started,No,,No,,No,No,2h 00m,
Troubleshooting & revision,2026-09-07,Monday,Week 2,15:30,16:30,Revision,,,,"Break something on purpose, then fix it. Record symptom, cause and fix.",New row in docs/troubleshooting-log.md,Medium,Not Started,No,,No,,No,No,1h 00m,This log is where your interview answers come from.
Push today's work to GitHub,2026-09-07,Monday,Week 2,16:30,16:45,GitHub,,,,"Commit exercises and notes. Small commits, honest messages.",Commit URL,High,Not Started,Yes,,No,,No,No,15m,
Publish LinkedIn learning report,2026-09-07,Monday,Week 2,16:45,17:00,LinkedIn,,,,Use linkedin-report-template.md: learned / built / problem / solution / insight. Attach evidence.,LinkedIn post URL,High,Not Started,No,,Yes,,No,No,15m,
Tech365 in-person DevOps class,2026-09-08,Tuesday,Week 2,09:00,13:00,Tech365,,,,Fixed commitment. No Udemy work during this block.,Class notes,High,Not Started,No,,No,,No,No,4h 00m,"If Tech365 covers the same topic as today's lectures, note where the two explanations differ."
Watch lectures 151-153 - Build tools - Maven,2026-09-08,Tuesday,Week 2,14:00,15:00,Udemy,S16: Build tools,"151, 152, 153","151. Introduction | 152. Maven Hands-on | 153. Maven, NodeJS & AI",Lighter load today by design. Quality of attention beats volume.,Notes in week-XX/notes.md,High,Not Started,No,,No,,No,No,1h 00m,
Short practical reinforcement,2026-09-08,Tuesday,Week 2,15:00,16:00,Practice,,,,"Clone the vProfile source, run `mvn clean install`, find the produced .war in target/ and explain what each Maven lifecycle phase did.",Working exercise committed to the repo,Medium,Not Started,No,,No,,No,No,1h 00m,
Revision & interview prep,2026-09-08,Tuesday,Week 2,16:00,16:30,Revision,,,,"Lectures 1-118 are already complete - keep them alive. Re-explain one earlier concept out loud, or answer one interview question from a past lab in writing.",One answered question in labs/lab-XX/answers.md,Medium,Not Started,No,,No,,No,No,30m,
Push today's work to GitHub,2026-09-08,Tuesday,Week 2,16:30,16:45,GitHub,,,,"Push whatever you built today, even if small.",Commit URL,Medium,Not Started,Yes,,No,,No,No,15m,
Publish LinkedIn learning report,2026-09-08,Tuesday,Week 2,16:45,17:00,LinkedIn,,,,"Short post is fine on Tech365 days - one thing learned, one thing built.",LinkedIn post URL,High,Not Started,No,,Yes,,No,No,15m,
Watch lectures 154-158 - Jenkins install & first jobs,2026-09-09,Wednesday,Week 2,09:00,10:30,Udemy,S17: Continuous Integration and Delivery with Jenkins,"154, 155, 156, 157, 158",154. Introduction | 155. Installation | 156. Freestyle Vs Pipeline As A Code | 157. Installing tools in Jenkins | 158. First Job,"Watch actively. Pause after each lecture and write one sentence: what does it do, when would you use it?",Notes in week-XX/notes.md,High,Not Started,No,,No,,No,No,1h 30m,
Watch lectures 159-161 - Jenkins install & first jobs,2026-09-09,Wednesday,Week 2,10:45,12:15,Udemy,S17: Continuous Integration and Delivery with Jenkins,"159, 160, 161","159. First Build Job | 160. Agents | 161. Plugins, Versioning & more","No passive watching. If a lecture is a demo, follow along in your own terminal.",Notes in week-XX/notes.md,High,Not Started,No,,No,,No,No,1h 30m,
Hands-on exercise: Jenkins install & first jobs,2026-09-09,Wednesday,Week 2,13:15,15:15,Practice,,,,"Install Jenkins on an Ubuntu EC2, add JDK + Maven as global tools, create a freestyle job that builds the vProfile war, then add a build agent.",Working exercise committed to the repo,High,Not Started,No,,No,,No,No,2h 00m,
Troubleshooting & revision,2026-09-09,Wednesday,Week 2,15:30,16:30,Revision,,,,"Break something on purpose, then fix it. Record symptom, cause and fix.",New row in docs/troubleshooting-log.md,Medium,Not Started,No,,No,,No,No,1h 00m,This log is where your interview answers come from.
Push today's work to GitHub,2026-09-09,Wednesday,Week 2,16:30,16:45,GitHub,,,,"Commit exercises and notes. Small commits, honest messages.",Commit URL,High,Not Started,Yes,,No,,No,No,15m,
Publish LinkedIn learning report,2026-09-09,Wednesday,Week 2,16:45,17:00,LinkedIn,,,,Use linkedin-report-template.md: learned / built / problem / solution / insight. Attach evidence.,LinkedIn post URL,High,Not Started,No,,Yes,,No,No,15m,
Tech365 in-person DevOps class,2026-09-10,Thursday,Week 2,09:00,13:00,Tech365,,,,Fixed commitment. No Udemy work during this block.,Class notes,High,Not Started,No,,No,,No,No,4h 00m,"If Tech365 covers the same topic as today's lectures, note where the two explanations differ."
"Watch lectures 162-166 - CI flow, Nexus & SonarQube setup",2026-09-10,Thursday,Week 2,14:00,15:00,Udemy,S17: Continuous Integration and Delivery with Jenkins,"162, 163, 164, 165, 166","162. Disk Space Issue | 163. Flow of Continuous Integration Pipeline | 164. Steps for Continuous Integration Pipeline | 165. Jenkins, Nexus & Sonarqube Setup | 166. Plugins for CI",Lighter load today by design. Quality of attention beats volume.,Notes in week-XX/notes.md,High,Not Started,No,,No,,No,No,1h 00m,
Short practical reinforcement,2026-09-10,Thursday,Week 2,15:00,16:00,Practice,,,,Stand up Nexus and SonarQube servers. Keep them t3.small or smaller and STOP them when you finish.,Working exercise committed to the repo,Medium,Not Started,No,,No,,No,No,1h 00m,
Revision & interview prep,2026-09-10,Thursday,Week 2,16:00,16:30,Revision,,,,"Lectures 1-118 are already complete - keep them alive. Re-explain one earlier concept out loud, or answer one interview question from a past lab in writing.",One answered question in labs/lab-XX/answers.md,Medium,Not Started,No,,No,,No,No,30m,
Push today's work to GitHub,2026-09-10,Thursday,Week 2,16:30,16:45,GitHub,,,,"Push whatever you built today, even if small.",Commit URL,Medium,Not Started,Yes,,No,,No,No,15m,
Publish LinkedIn learning report,2026-09-10,Thursday,Week 2,16:45,17:00,LinkedIn,,,,"Short post is fine on Tech365 days - one thing learned, one thing built.",LinkedIn post URL,High,Not Started,No,,Yes,,No,No,15m,
"Watch lectures 167-169 - Pipeline as code, quality gates, Slack",2026-09-11,Friday,Week 2,09:00,10:30,Udemy,S17: Continuous Integration and Delivery with Jenkins,"167, 168, 169",167. Pipeline As A Code Introduction | 168. Code Analysis | 169. Code Analysis Demonstration,"Watch actively. Pause after each lecture and write one sentence: what does it do, when would you use it?",Notes in week-XX/notes.md,High,Not Started,No,,No,,No,No,1h 30m,
"Watch lectures 170-173 - Pipeline as code, quality gates, Slack",2026-09-11,Friday,Week 2,10:45,12:15,Udemy,S17: Continuous Integration and Delivery with Jenkins,"170, 171, 172, 173","170. Quality Gates | 171. Software Repositories Intro (Nexus) | 172. Nexus PAAC Demo | 173. Notification, Slack","No passive watching. If a lecture is a demo, follow along in your own terminal.",Notes in week-XX/notes.md,High,Not Started,No,,No,,No,No,1h 30m,
"Hands-on exercise: Pipeline as code, quality gates, Slack",2026-09-11,Friday,Week 2,13:15,15:15,Practice,,,,Write your first Jenkinsfile: Build -> Test -> Code Analysis -> Quality Gate -> Upload artifact to Nexus -> Slack notification.,Working exercise committed to the repo,High,Not Started,No,,No,,No,No,2h 00m,
Troubleshooting & revision,2026-09-11,Friday,Week 2,15:30,16:30,Revision,,,,"Break something on purpose, then fix it. Record symptom, cause and fix.",New row in docs/troubleshooting-log.md,Medium,Not Started,No,,No,,No,No,1h 00m,This log is where your interview answers come from.
Push today's work to GitHub,2026-09-11,Friday,Week 2,16:30,16:45,GitHub,,,,"Commit exercises and notes. Small commits, honest messages.",Commit URL,High,Not Started,Yes,,No,,No,No,15m,
Publish LinkedIn learning report,2026-09-11,Friday,Week 2,16:45,17:00,LinkedIn,,,,Use linkedin-report-template.md: learned / built / problem / solution / insight. Attach evidence.,LinkedIn post URL,High,Not Started,No,,Yes,,No,No,15m,
LAB 2: Jenkins Continuous Integration pipeline with quality gates - build phase,2026-09-12,Saturday,Week 2,09:00,11:00,Lab,,,,"Build a complete CI pipeline as code for the vProfile app: checkout, Maven build, unit tests, Checkstyle, SonarQube analysis with a quality gate that can FAIL the build, artifact upload to Nexus, and a Slack notification on both success and failure.",Working build for Lab 2,High,Not Started,No,,No,,Yes,No,2h 00m,
LAB 2: continue building,2026-09-12,Saturday,Week 2,11:15,13:00,Lab,,,,Keep going. Note every error message you hit - you will need them tonight.,Working build for Lab 2,High,Not Started,No,,No,,Yes,No,1h 45m,
LAB 2: verify against acceptance criteria,2026-09-12,Saturday,Week 2,14:00,15:00,Lab,,,,"Do not mark the lab done until all pass. Criteria: Jenkinsfile committed to the repo, not a freestyle job; SonarQube quality gate wired through the webhook; Nexus versioned artifact upload; Credentials stored in Jenkins credentials store, never in the Jenkinsfile",All acceptance criteria ticked,High,Not Started,No,,No,,Yes,No,1h 00m,
LAB 2: troubleshooting challenges,2026-09-12,Saturday,Week 2,15:00,15:45,Lab,,,,Work the deliberate breakages. Hints only - do not look up answers. Challenges: The pipeline hangs forever at the Quality Gate stage. / Maven works on your laptop but the Jenkins agent cannot find JDK 11. / The Nexus upload returns 400 Bad Request.,Entries in docs/troubleshooting-log.md,High,Not Started,No,,No,,Yes,No,45m,
Cleanup & cloud cost check,2026-09-12,Saturday,Week 2,15:45,16:30,Lab,,,,"Destroy or stop every billable resource, run python3 scripts/aws_audit.py --all-regions, check the Billing dashboard.","Clean AWS account, audit output saved",High,Not Started,No,,No,,No,No,45m,Never skip. A forgotten NAT gateway costs more than the course did.
Commit Lab 2 to GitHub,2026-09-12,Saturday,Week 2,16:30,16:45,GitHub,,,,"Push lab code, README updates and screenshots.",Commit URL,High,Not Started,Yes,,No,,No,No,15m,
Publish LinkedIn lab report - Lab 2,2026-09-12,Saturday,Week 2,16:45,17:00,LinkedIn,,,,Today's post is about what you BUILT. Attach a screenshot as evidence.,LinkedIn post URL,High,Not Started,No,,Yes,,No,No,15m,
"Finish, test and troubleshoot the week's lab",2026-09-13,Sunday,Week 2,10:00,12:00,Lab,,,,"Finish and document Lab 2. Record a screen capture of the pipeline running green, and a second one of it failing the quality gate on purpose.",Completed lab,High,Not Started,No,,No,,Yes,No,2h 00m,
"Documentation: README, architecture diagram, screenshots",2026-09-13,Sunday,Week 2,12:00,13:00,GitHub,,,,"Update the lab README: objective, architecture, steps, verification, troubleshooting, cleanup. Add your hand-drawn diagram to architecture/.",Updated README + diagram committed,High,Not Started,Yes,,No,,No,No,1h 00m,
Explain the week's project out loud (record it),2026-09-13,Sunday,Week 2,14:00,15:00,Presentation,,,,Answer all six aloud and record: What did I build? Why? How does it work? What problem did I hit? How did I troubleshoot it? What would I improve?,Recording + written answers,High,Not Started,No,,No,,No,Yes,1h 00m,"If any answer is vague, that is the thing to revisit before moving on."
Weekly reflection + LinkedIn summary post,2026-09-13,Sunday,Week 2,15:00,15:30,LinkedIn,,,,"One weekly post tying the week together, with your best evidence attached.",LinkedIn post URL,High,Not Started,No,,Yes,,No,No,30m,
Watch lectures 174-180 - Jenkins CI/CD to Docker & ECS,2026-09-14,Monday,Week 3,09:00,10:30,Udemy,S17: Continuous Integration and Delivery with Jenkins,"174, 175, 176, 177, 178, 179, 180",174. CI for Docker | Intro | 175. Docker PAAC Prereqs info | 176. Docker PAAC Demo | 177. Docker CICD Intro | 178. Docker CICD Code | 179. AWS ECS Setup | 180. Docker CICD Demonstration,"Watch actively. Pause after each lecture and write one sentence: what does it do, when would you use it?",Notes in week-XX/notes.md,High,Not Started,No,,No,,No,No,1h 30m,
Watch lectures 181-184 - Jenkins CI/CD to Docker & ECS,2026-09-14,Monday,Week 3,10:45,12:15,Udemy,S17: Continuous Integration and Delivery with Jenkins,"181, 182, 183, 184",181. Cleanup | 182. Build Triggers Intro | 183. Build Triggers Demo | 184. Authentication & Authorization,"No passive watching. If a lecture is a demo, follow along in your own terminal.",Notes in week-XX/notes.md,High,Not Started,No,,No,,No,No,1h 30m,
Hands-on exercise: Jenkins CI/CD to Docker & ECS,2026-09-14,Monday,Week 3,13:15,15:15,Practice,,,,"Extend the Jenkinsfile to build a Docker image and push it, then deploy to ECS. Configure a webhook build trigger and lock the instance down with matrix authorisation.",Working exercise committed to the repo,High,Not Started,No,,No,,No,No,2h 00m,
Troubleshooting & revision,2026-09-14,Monday,Week 3,15:30,16:30,Revision,,,,"Break something on purpose, then fix it. Record symptom, cause and fix.",New row in docs/troubleshooting-log.md,Medium,Not Started,No,,No,,No,No,1h 00m,This log is where your interview answers come from.
Push today's work to GitHub,2026-09-14,Monday,Week 3,16:30,16:45,GitHub,,,,"Commit exercises and notes. Small commits, honest messages.",Commit URL,High,Not Started,Yes,,No,,No,No,15m,
Publish LinkedIn learning report,2026-09-14,Monday,Week 3,16:45,17:00,LinkedIn,,,,Use linkedin-report-template.md: learned / built / problem / solution / insight. Attach evidence.,LinkedIn post URL,High,Not Started,No,,Yes,,No,No,15m,
Tech365 in-person DevOps class,2026-09-15,Tuesday,Week 3,09:00,13:00,Tech365,,,,Fixed commitment. No Udemy work during this block.,Class notes,High,Not Started,No,,No,,No,No,4h 00m,"If Tech365 covers the same topic as today's lectures, note where the two explanations differ."
Watch lectures 185-188 - GitHub Actions quickstart,2026-09-15,Tuesday,Week 3,14:00,15:00,Udemy,S18: Github Actions,"185, 186, 187, 188",185. Introduction | 186. Quickstart Part1 | 187. Quickstart Part2 | 188. Triggers and Inputs,Lighter load today by design. Quality of attention beats volume.,Notes in week-XX/notes.md,High,Not Started,No,,No,,No,No,1h 00m,
Short practical reinforcement,2026-09-15,Tuesday,Week 3,15:00,16:00,Practice,,,,"Write .github/workflows/ci.yml that runs on push to a feature branch and on pull_request, and prove both triggers fire.",Working exercise committed to the repo,Medium,Not Started,No,,No,,No,No,1h 00m,
Revision & interview prep,2026-09-15,Tuesday,Week 3,16:00,16:30,Revision,,,,"Lectures 1-118 are already complete - keep them alive. Re-explain one earlier concept out loud, or answer one interview question from a past lab in writing.",One answered question in labs/lab-XX/answers.md,Medium,Not Started,No,,No,,No,No,30m,
Push today's work to GitHub,2026-09-15,Tuesday,Week 3,16:30,16:45,GitHub,,,,"Push whatever you built today, even if small.",Commit URL,Medium,Not Started,Yes,,No,,No,No,15m,
Publish LinkedIn learning report,2026-09-15,Tuesday,Week 3,16:45,17:00,LinkedIn,,,,"Short post is fine on Tech365 days - one thing learned, one thing built.",LinkedIn post URL,High,Not Started,No,,Yes,,No,No,15m,
Watch lectures 189-192 - Actions artifacts/security + GitLab start,2026-09-16,Wednesday,Week 3,09:00,10:30,Udemy,S18: Github Actions,"189, 190, 191, 192","189. Artifacts, Conditions & Repo Permissions | 190. Security Scan | 191. Secrets & Docker | 192. Build & Publish Job","Watch actively. Pause after each lecture and write one sentence: what does it do, when would you use it?",Notes in week-XX/notes.md,High,Not Started,No,,No,,No,No,1h 30m,
Watch lectures 193-195 - Actions artifacts/security + GitLab start,2026-09-16,Wednesday,Week 3,10:45,12:15,Udemy,S19: GITLAB,"193, 194, 195",193. Introduction | 194. Initial Setup | 195. First Pipeline,"No passive watching. If a lecture is a demo, follow along in your own terminal.",Notes in week-XX/notes.md,High,Not Started,No,,No,,No,No,1h 30m,
Hands-on exercise: Actions artifacts/security + GitLab start,2026-09-16,Wednesday,Week 3,13:15,15:15,Practice,,,,Add an artifact upload and a security scan job to the Actions workflow. Then create a GitLab account and run your first .gitlab-ci.yml.,Working exercise committed to the repo,High,Not Started,No,,No,,No,No,2h 00m,
Troubleshooting & revision,2026-09-16,Wednesday,Week 3,15:30,16:30,Revision,,,,"Break something on purpose, then fix it. Record symptom, cause and fix.",New row in docs/troubleshooting-log.md,Medium,Not Started,No,,No,,No,No,1h 00m,This log is where your interview answers come from.
Push today's work to GitHub,2026-09-16,Wednesday,Week 3,16:30,16:45,GitHub,,,,"Commit exercises and notes. Small commits, honest messages.",Commit URL,High,Not Started,Yes,,No,,No,No,15m,
Publish LinkedIn learning report,2026-09-16,Wednesday,Week 3,16:45,17:00,LinkedIn,,,,Use linkedin-report-template.md: learned / built / problem / solution / insight. Attach evidence.,LinkedIn post URL,High,Not Started,No,,Yes,,No,No,15m,
Tech365 in-person DevOps class,2026-09-17,Thursday,Week 3,09:00,13:00,Tech365,,,,Fixed commitment. No Udemy work during this block.,Class notes,High,Not Started,No,,No,,No,No,4h 00m,"If Tech365 covers the same topic as today's lectures, note where the two explanations differ."
"Watch lectures 196-199 - GitLab variables, rules, Docker",2026-09-17,Thursday,Week 3,14:00,15:00,Udemy,S19: GITLAB,"196, 197, 198, 199",196. Variables & More | 197. Triggers & Rules | 198. Security & Artifacts | 199. Build And Publish Docker,Lighter load today by design. Quality of attention beats volume.,Notes in week-XX/notes.md,High,Not Started,No,,No,,No,No,1h 00m,
Short practical reinforcement,2026-09-17,Thursday,Week 3,15:00,16:00,Practice,,,,"Move a hard-coded value into a masked GitLab CI/CD variable, and add a rule so the deploy stage only runs on the main branch.",Working exercise committed to the repo,Medium,Not Started,No,,No,,No,No,1h 00m,
Revision & interview prep,2026-09-17,Thursday,Week 3,16:00,16:30,Revision,,,,"Lectures 1-118 are already complete - keep them alive. Re-explain one earlier concept out loud, or answer one interview question from a past lab in writing.",One answered question in labs/lab-XX/answers.md,Medium,Not Started,No,,No,,No,No,30m,
Push today's work to GitHub,2026-09-17,Thursday,Week 3,16:30,16:45,GitHub,,,,"Push whatever you built today, even if small.",Commit URL,Medium,Not Started,Yes,,No,,No,No,15m,
Publish LinkedIn learning report,2026-09-17,Thursday,Week 3,16:45,17:00,LinkedIn,,,,"Short post is fine on Tech365 days - one thing learned, one thing built.",LinkedIn post URL,High,Not Started,No,,Yes,,No,No,15m,
Watch lectures 200-203 - Python foundations for DevOps,2026-09-18,Friday,Week 3,09:00,10:30,Udemy,S20: Python,"200, 201, 202, 203","200. Introduction | 201. Python on Linux, Versions & Indentation | 202. Quotes and Comments | 203. Variables","Watch actively. Pause after each lecture and write one sentence: what does it do, when would you use it?",Notes in week-XX/notes.md,High,Not Started,No,,No,,No,No,1h 30m,
Watch lectures 204-206 - Python foundations for DevOps,2026-09-18,Friday,Week 3,10:45,12:15,Udemy,S20: Python,"204, 205, 206",204. Print Format | 205. Slicing | 206. Operators,"No passive watching. If a lecture is a demo, follow along in your own terminal.",Notes in week-XX/notes.md,High,Not Started,No,,No,,No,No,1h 30m,
Hands-on exercise: Python foundations for DevOps,2026-09-18,Friday,Week 3,13:15,15:15,Practice,,,,"Write and run five small scripts covering variables, string slicing, operators and conditions. Commit them to labs/python/.",Working exercise committed to the repo,High,Not Started,No,,No,,No,No,2h 00m,
Troubleshooting & revision,2026-09-18,Friday,Week 3,15:30,16:30,Revision,,,,"Break something on purpose, then fix it. Record symptom, cause and fix.",New row in docs/troubleshooting-log.md,Medium,Not Started,No,,No,,No,No,1h 00m,This log is where your interview answers come from.
Push today's work to GitHub,2026-09-18,Friday,Week 3,16:30,16:45,GitHub,,,,"Commit exercises and notes. Small commits, honest messages.",Commit URL,High,Not Started,Yes,,No,,No,No,15m,
Publish LinkedIn learning report,2026-09-18,Friday,Week 3,16:45,17:00,LinkedIn,,,,Use linkedin-report-template.md: learned / built / problem / solution / insight. Attach evidence.,LinkedIn post URL,High,Not Started,No,,Yes,,No,No,15m,
LAB 3: GitHub Actions CI/CD with security scanning and secrets - build phase,2026-09-19,Saturday,Week 3,09:00,11:00,Lab,,,,"Port the Jenkins pipeline to GitHub Actions, then reproduce the core of it a third time in GitLab CI. Build the app, scan it, build and publish a Docker image, and gate deployment behind a branch rule. Write a short comparison of the three tools.",Working build for Lab 3,High,Not Started,No,,No,,Yes,No,2h 00m,
LAB 3: continue building,2026-09-19,Saturday,Week 3,11:15,13:00,Lab,,,,Keep going. Note every error message you hit - you will need them tonight.,Working build for Lab 3,High,Not Started,No,,No,,Yes,No,1h 45m,
LAB 3: verify against acceptance criteria,2026-09-19,Saturday,Week 3,14:00,15:00,Lab,,,,Do not mark the lab done until all pass. Criteria: Matrix or multi-job workflow with dependencies between jobs; GitHub Secrets for registry credentials - nothing in plaintext; A security scan job that can fail the workflow; A written Jenkins vs Actions vs GitLab comparison in the lab README,All acceptance criteria ticked,High,Not Started,No,,No,,Yes,No,1h 00m,
LAB 3: troubleshooting challenges,2026-09-19,Saturday,Week 3,15:00,15:45,Lab,,,,Work the deliberate breakages. Hints only - do not look up answers. Challenges: The workflow passes locally with `act` but fails in GitHub with a permissions error. / The Docker push fails with 'denied: requested access to the resource is denied'. / The deploy job runs on a feature branch even though you added an `if` condition.,Entries in docs/troubleshooting-log.md,High,Not Started,No,,No,,Yes,No,45m,
Cleanup & cloud cost check,2026-09-19,Saturday,Week 3,15:45,16:30,Lab,,,,"Destroy or stop every billable resource, run python3 scripts/aws_audit.py --all-regions, check the Billing dashboard.","Clean AWS account, audit output saved",High,Not Started,No,,No,,No,No,45m,Never skip. A forgotten NAT gateway costs more than the course did.
Commit Lab 3 to GitHub,2026-09-19,Saturday,Week 3,16:30,16:45,GitHub,,,,"Push lab code, README updates and screenshots.",Commit URL,High,Not Started,Yes,,No,,No,No,15m,
Publish LinkedIn lab report - Lab 3,2026-09-19,Saturday,Week 3,16:45,17:00,LinkedIn,,,,Today's post is about what you BUILT. Attach a screenshot as evidence.,LinkedIn post URL,High,Not Started,No,,Yes,,No,No,15m,
"Finish, test and troubleshoot the week's lab",2026-09-20,Sunday,Week 3,10:00,12:00,Lab,,,,Finish and document Lab 3. Write the Jenkins vs GitHub Actions vs GitLab comparison properly - this is a common interview question.,Completed lab,High,Not Started,No,,No,,Yes,No,2h 00m,
"Documentation: README, architecture diagram, screenshots",2026-09-20,Sunday,Week 3,12:00,13:00,GitHub,,,,"Update the lab README: objective, architecture, steps, verification, troubleshooting, cleanup. Add your hand-drawn diagram to architecture/.",Updated README + diagram committed,High,Not Started,Yes,,No,,No,No,1h 00m,
Explain the week's project out loud (record it),2026-09-20,Sunday,Week 3,14:00,15:00,Presentation,,,,Answer all six aloud and record: What did I build? Why? How does it work? What problem did I hit? How did I troubleshoot it? What would I improve?,Recording + written answers,High,Not Started,No,,No,,No,Yes,1h 00m,"If any answer is vague, that is the thing to revisit before moving on."
Weekly reflection + LinkedIn summary post,2026-09-20,Sunday,Week 3,15:00,15:30,LinkedIn,,,,"One weekly post tying the week together, with your best evidence attached.",LinkedIn post URL,High,Not Started,No,,Yes,,No,No,30m,
"Watch lectures 207-210 - Python control flow, functions, modules",2026-09-21,Monday,Week 4,09:00,10:30,Udemy,S20: Python,"207, 208, 209, 210",207. Conditions | 208. Loops | 209. Break & Continue | 210. Built-in Functions or Methods,"Watch actively. Pause after each lecture and write one sentence: what does it do, when would you use it?",Notes in week-XX/notes.md,High,Not Started,No,,No,,No,No,1h 30m,
"Watch lectures 211-213 - Python control flow, functions, modules",2026-09-21,Monday,Week 4,10:45,12:15,Udemy,S20: Python,"211, 212, 213",211. Functions part-1 | 212. Functions part-2 | 213. Modules,"No passive watching. If a lecture is a demo, follow along in your own terminal.",Notes in week-XX/notes.md,High,Not Started,No,,No,,No,No,1h 30m,
"Hands-on exercise: Python control flow, functions, modules",2026-09-21,Monday,Week 4,13:15,15:15,Practice,,,,Refactor yesterday's five scripts into one module with functions. No copy-paste duplication allowed.,Working exercise committed to the repo,High,Not Started,No,,No,,No,No,2h 00m,
Troubleshooting & revision,2026-09-21,Monday,Week 4,15:30,16:30,Revision,,,,"Break something on purpose, then fix it. Record symptom, cause and fix.",New row in docs/troubleshooting-log.md,Medium,Not Started,No,,No,,No,No,1h 00m,This log is where your interview answers come from.
Push today's work to GitHub,2026-09-21,Monday,Week 4,16:30,16:45,GitHub,,,,"Commit exercises and notes. Small commits, honest messages.",Commit URL,High,Not Started,Yes,,No,,No,No,15m,
Publish LinkedIn learning report,2026-09-21,Monday,Week 4,16:45,17:00,LinkedIn,,,,Use linkedin-report-template.md: learned / built / problem / solution / insight. Attach evidence.,LinkedIn post URL,High,Not Started,No,,Yes,,No,No,15m,
Tech365 in-person DevOps class,2026-09-22,Tuesday,Week 4,09:00,13:00,Tech365,,,,Fixed commitment. No Udemy work during this block.,Class notes,High,Not Started,No,,No,,No,No,4h 00m,"If Tech365 covers the same topic as today's lectures, note where the two explanations differ."
Watch lectures 214-215 - OS tasks & Python Fabric,2026-09-22,Tuesday,Week 4,14:00,15:00,Udemy,S20: Python,"214, 215",214. OS Tasks | 215. Python Fabric,Lighter load today by design. Quality of attention beats volume.,Notes in week-XX/notes.md,High,Not Started,No,,No,,No,No,1h 00m,
Short practical reinforcement,2026-09-22,Tuesday,Week 4,15:00,16:00,Practice,,,,"Write a script that reads /var/log, filters error lines and writes a summary file. Then use Fabric to run `uptime` on a remote EC2.",Working exercise committed to the repo,Medium,Not Started,No,,No,,No,No,1h 00m,
Revision & interview prep,2026-09-22,Tuesday,Week 4,16:00,16:30,Revision,,,,"Lectures 1-118 are already complete - keep them alive. Re-explain one earlier concept out loud, or answer one interview question from a past lab in writing.",One answered question in labs/lab-XX/answers.md,Medium,Not Started,No,,No,,No,No,30m,
Push today's work to GitHub,2026-09-22,Tuesday,Week 4,16:30,16:45,GitHub,,,,"Push whatever you built today, even if small.",Commit URL,Medium,Not Started,Yes,,No,,No,No,15m,
Publish LinkedIn learning report,2026-09-22,Tuesday,Week 4,16:45,17:00,LinkedIn,,,,"Short post is fine on Tech365 days - one thing learned, one thing built.",LinkedIn post URL,High,Not Started,No,,Yes,,No,No,15m,
"Watch lectures 216-219 - Boto3, AI-assisted automation, Terraform basics",2026-09-23,Wednesday,Week 4,09:00,10:30,Udemy,S20: Python,"216, 217, 218, 219",216. Exception Handling | 217. Cloud Interaction with Boto3 | 218. AI for Cloud Automation | 219. Copilot AI for Cloud Automation,"Watch actively. Pause after each lecture and write one sentence: what does it do, when would you use it?",Notes in week-XX/notes.md,High,Not Started,No,,No,,No,No,1h 30m,
"Watch lectures 220-223 - Boto3, AI-assisted automation, Terraform basics",2026-09-23,Wednesday,Week 4,10:45,12:15,Udemy,S20: Python; S21: Learn Terraform,"220, 221, 222, 223",220. Python Scripts | 221. Introduction | 222. Basics of Terraform | 223. Code Structure,"No passive watching. If a lecture is a demo, follow along in your own terminal.",Notes in week-XX/notes.md,High,Not Started,No,,No,,No,No,1h 30m,
"Hands-on exercise: Boto3, AI-assisted automation, Terraform basics",2026-09-23,Wednesday,Week 4,13:15,15:15,Practice,,,,Write a Boto3 script that lists every running EC2 with its tags and flags any without an Owner tag. Then write your first main.tf.,Working exercise committed to the repo,High,Not Started,No,,No,,No,No,2h 00m,
Troubleshooting & revision,2026-09-23,Wednesday,Week 4,15:30,16:30,Revision,,,,"Break something on purpose, then fix it. Record symptom, cause and fix.",New row in docs/troubleshooting-log.md,Medium,Not Started,No,,No,,No,No,1h 00m,This log is where your interview answers come from.
Push today's work to GitHub,2026-09-23,Wednesday,Week 4,16:30,16:45,GitHub,,,,"Commit exercises and notes. Small commits, honest messages.",Commit URL,High,Not Started,Yes,,No,,No,No,15m,
Publish LinkedIn learning report,2026-09-23,Wednesday,Week 4,16:45,17:00,LinkedIn,,,,Use linkedin-report-template.md: learned / built / problem / solution / insight. Attach evidence.,LinkedIn post URL,High,Not Started,No,,Yes,,No,No,15m,
Tech365 in-person DevOps class,2026-09-24,Thursday,Week 4,09:00,13:00,Tech365,,,,Fixed commitment. No Udemy work during this block.,Class notes,High,Not Started,No,,No,,No,No,4h 00m,"If Tech365 covers the same topic as today's lectures, note where the two explanations differ."
Watch lectures 224-226 - Terraform code structure & variables,2026-09-24,Thursday,Week 4,14:00,15:00,Udemy,S21: Learn Terraform,"224, 225, 226","224. Code Structure Part 2 | 225. Plan, Apply, Update & Destroy | 226. Variables",Lighter load today by design. Quality of attention beats volume.,Notes in week-XX/notes.md,High,Not Started,No,,No,,No,No,1h 00m,
Short practical reinforcement,2026-09-24,Thursday,Week 4,15:00,16:00,Practice,,,,Split your main.tf into main.tf / variables.tf / outputs.tf and parameterise the AMI and instance type.,Working exercise committed to the repo,Medium,Not Started,No,,No,,No,No,1h 00m,
Revision & interview prep,2026-09-24,Thursday,Week 4,16:00,16:30,Revision,,,,"Lectures 1-118 are already complete - keep them alive. Re-explain one earlier concept out loud, or answer one interview question from a past lab in writing.",One answered question in labs/lab-XX/answers.md,Medium,Not Started,No,,No,,No,No,30m,
Push today's work to GitHub,2026-09-24,Thursday,Week 4,16:30,16:45,GitHub,,,,"Push whatever you built today, even if small.",Commit URL,Medium,Not Started,Yes,,No,,No,No,15m,
Publish LinkedIn learning report,2026-09-24,Thursday,Week 4,16:45,17:00,LinkedIn,,,,"Short post is fine on Tech365 days - one thing learned, one thing built.",LinkedIn post URL,High,Not Started,No,,Yes,,No,No,15m,
"Watch lectures 227-231 - Provisioners, outputs, backend + Ansible intro",2026-09-25,Friday,Week 4,09:00,10:30,Udemy,S21: Learn Terraform; S22: Ansible,"227, 228, 229, 230, 231",227. Provisioners | 228. Outputs | 229. Backend | 230. What Next? | 231. Introduction,"Watch actively. Pause after each lecture and write one sentence: what does it do, when would you use it?",Notes in week-XX/notes.md,High,Not Started,No,,No,,No,No,1h 30m,
"Watch lectures 232-233 - Provisioners, outputs, backend + Ansible intro",2026-09-25,Friday,Week 4,10:45,12:15,Udemy,S22: Ansible,"232, 233",232. Setup Ansible & Infra | 233. Inventory & Ping Module,"No passive watching. If a lecture is a demo, follow along in your own terminal.",Notes in week-XX/notes.md,High,Not Started,No,,No,,No,No,1h 30m,
"Hands-on exercise: Provisioners, outputs, backend + Ansible intro",2026-09-25,Friday,Week 4,13:15,15:15,Practice,,,,Move Terraform state to an S3 backend. Then install Ansible and ping two Terraform-created EC2s from an inventory file.,Working exercise committed to the repo,High,Not Started,No,,No,,No,No,2h 00m,
Troubleshooting & revision,2026-09-25,Friday,Week 4,15:30,16:30,Revision,,,,"Break something on purpose, then fix it. Record symptom, cause and fix.",New row in docs/troubleshooting-log.md,Medium,Not Started,No,,No,,No,No,1h 00m,This log is where your interview answers come from.
Push today's work to GitHub,2026-09-25,Friday,Week 4,16:30,16:45,GitHub,,,,"Commit exercises and notes. Small commits, honest messages.",Commit URL,High,Not Started,Yes,,No,,No,No,15m,
Publish LinkedIn learning report,2026-09-25,Friday,Week 4,16:45,17:00,LinkedIn,,,,Use linkedin-report-template.md: learned / built / problem / solution / insight. Attach evidence.,LinkedIn post URL,High,Not Started,No,,Yes,,No,No,15m,
LAB 4: Terraform-provisioned infrastructure with Python/Boto3 automation - build phase,2026-09-26,Saturday,Week 4,09:00,11:00,Lab,,,,"Replace all manual clicking with code. Write Terraform that provisions the app tier (EC2s, security groups, key pair, S3 bucket, remote state backend) and a Python/Boto3 tool that audits the account: lists running instances, flags untagged resources, and reports estimated monthly cost of what is running.",Working build for Lab 4,High,Not Started,No,,No,,Yes,No,2h 00m,
LAB 4: continue building,2026-09-26,Saturday,Week 4,11:15,13:00,Lab,,,,Keep going. Note every error message you hit - you will need them tonight.,Working build for Lab 4,High,Not Started,No,,No,,Yes,No,1h 45m,
LAB 4: verify against acceptance criteria,2026-09-26,Saturday,Week 4,14:00,15:00,Lab,,,,"Do not mark the lab done until all pass. Criteria: Remote state in S3 with a DynamoDB lock table; Variables and outputs - no hard-coded AMIs or CIDRs; A `terraform destroy` that leaves the account genuinely clean; The Boto3 auditor script run before and after destroy, with output saved",All acceptance criteria ticked,High,Not Started,No,,No,,Yes,No,1h 00m,
LAB 4: troubleshooting challenges,2026-09-26,Saturday,Week 4,15:00,15:45,Lab,,,,Work the deliberate breakages. Hints only - do not look up answers. Challenges: `terraform apply` fails with a dependency cycle. / State is locked and you cannot apply - the previous run crashed. / Boto3 raises NoCredentialsError inside a script that worked in the shell.,Entries in docs/troubleshooting-log.md,High,Not Started,No,,No,,Yes,No,45m,
Cleanup & cloud cost check,2026-09-26,Saturday,Week 4,15:45,16:30,Lab,,,,"Destroy or stop every billable resource, run python3 scripts/aws_audit.py --all-regions, check the Billing dashboard.","Clean AWS account, audit output saved",High,Not Started,No,,No,,No,No,45m,Never skip. A forgotten NAT gateway costs more than the course did.
Commit Lab 4 to GitHub,2026-09-26,Saturday,Week 4,16:30,16:45,GitHub,,,,"Push lab code, README updates and screenshots.",Commit URL,High,Not Started,Yes,,No,,No,No,15m,
Publish LinkedIn lab report - Lab 4,2026-09-26,Saturday,Week 4,16:45,17:00,LinkedIn,,,,Today's post is about what you BUILT. Attach a screenshot as evidence.,LinkedIn post URL,High,Not Started,No,,Yes,,No,No,15m,
"Finish, test and troubleshoot the week's lab",2026-09-27,Sunday,Week 4,10:00,12:00,Lab,,,,"Finish and document Lab 4. Run `terraform destroy`, then run your Boto3 auditor and paste the empty output into the README as proof of cleanup.",Completed lab,High,Not Started,No,,No,,Yes,No,2h 00m,
"Documentation: README, architecture diagram, screenshots",2026-09-27,Sunday,Week 4,12:00,13:00,GitHub,,,,"Update the lab README: objective, architecture, steps, verification, troubleshooting, cleanup. Add your hand-drawn diagram to architecture/.",Updated README + diagram committed,High,Not Started,Yes,,No,,No,No,1h 00m,
Explain the week's project out loud (record it),2026-09-27,Sunday,Week 4,14:00,15:00,Presentation,,,,Answer all six aloud and record: What did I build? Why? How does it work? What problem did I hit? How did I troubleshoot it? What would I improve?,Recording + written answers,High,Not Started,No,,No,,No,Yes,1h 00m,"If any answer is vague, that is the thing to revisit before moving on."
Weekly reflection + LinkedIn summary post,2026-09-27,Sunday,Week 4,15:00,15:30,LinkedIn,,,,"One weekly post tying the week together, with your best evidence attached.",LinkedIn post URL,High,Not Started,No,,Yes,,No,No,30m,
"Watch lectures 234-237 - Ansible inventory, ad hoc, playbooks",2026-09-28,Monday,Week 5,09:00,10:30,Udemy,S22: Ansible,"234, 235, 236, 237",234. Inventory Part 2 | 235. YAML & JSON | 236. Ad Hoc Commands | 237. Playbook & Modules,"Watch actively. Pause after each lecture and write one sentence: what does it do, when would you use it?",Notes in week-XX/notes.md,High,Not Started,No,,No,,No,No,1h 30m,
"Watch lectures 238-239 - Ansible inventory, ad hoc, playbooks",2026-09-28,Monday,Week 5,10:45,12:15,Udemy,S22: Ansible,"238, 239","238. Modules - Find, Use, Troubleshoot & Repeat | 239. Ansible Configuration","No passive watching. If a lecture is a demo, follow along in your own terminal.",Notes in week-XX/notes.md,High,Not Started,No,,No,,No,No,1h 30m,
"Hands-on exercise: Ansible inventory, ad hoc, playbooks",2026-09-28,Monday,Week 5,13:15,15:15,Practice,,,,"Write a playbook that installs Nginx, copies a custom index.html and starts the service on both hosts. Run it twice and explain idempotency.",Working exercise committed to the repo,High,Not Started,No,,No,,No,No,2h 00m,
Troubleshooting & revision,2026-09-28,Monday,Week 5,15:30,16:30,Revision,,,,"Break something on purpose, then fix it. Record symptom, cause and fix.",New row in docs/troubleshooting-log.md,Medium,Not Started,No,,No,,No,No,1h 00m,This log is where your interview answers come from.
Push today's work to GitHub,2026-09-28,Monday,Week 5,16:30,16:45,GitHub,,,,"Commit exercises and notes. Small commits, honest messages.",Commit URL,High,Not Started,Yes,,No,,No,No,15m,
Publish LinkedIn learning report,2026-09-28,Monday,Week 5,16:45,17:00,LinkedIn,,,,Use linkedin-report-template.md: learned / built / problem / solution / insight. Attach evidence.,LinkedIn post URL,High,Not Started,No,,Yes,,No,No,15m,
Tech365 in-person DevOps class,2026-09-29,Tuesday,Week 5,09:00,13:00,Tech365,,,,Fixed commitment. No Udemy work during this block.,Class notes,High,Not Started,No,,No,,No,No,4h 00m,"If Tech365 covers the same topic as today's lectures, note where the two explanations differ."
Watch lectures 240-242 - Ansible variables & facts,2026-09-29,Tuesday,Week 5,14:00,15:00,Udemy,S22: Ansible,"240, 241, 242",240. Variables & Debug | 241. Group & Host Variables | 242. Fact Variables,Lighter load today by design. Quality of attention beats volume.,Notes in week-XX/notes.md,High,Not Started,No,,No,,No,No,1h 00m,
Short practical reinforcement,2026-09-29,Tuesday,Week 5,15:00,16:00,Practice,,,,"Convert hard-coded values in your playbook into group_vars, then print three fact variables with the debug module.",Working exercise committed to the repo,Medium,Not Started,No,,No,,No,No,1h 00m,
Revision & interview prep,2026-09-29,Tuesday,Week 5,16:00,16:30,Revision,,,,"Lectures 1-118 are already complete - keep them alive. Re-explain one earlier concept out loud, or answer one interview question from a past lab in writing.",One answered question in labs/lab-XX/answers.md,Medium,Not Started,No,,No,,No,No,30m,
Push today's work to GitHub,2026-09-29,Tuesday,Week 5,16:30,16:45,GitHub,,,,"Push whatever you built today, even if small.",Commit URL,Medium,Not Started,Yes,,No,,No,No,15m,
Publish LinkedIn learning report,2026-09-29,Tuesday,Week 5,16:45,17:00,LinkedIn,,,,"Short post is fine on Tech365 days - one thing learned, one thing built.",LinkedIn post URL,High,Not Started,No,,Yes,,No,No,15m,
"Watch lectures 243-247 - Conditionals, loops, templates, roles, AWS",2026-09-30,Wednesday,Week 5,09:00,10:30,Udemy,S22: Ansible,"243, 244, 245, 246, 247","243. Decision Making | 244. Loops | 245. File, copy & template modules | 246. Handlers | 247. Roles","Watch actively. Pause after each lecture and write one sentence: what does it do, when would you use it?",Notes in week-XX/notes.md,High,Not Started,No,,No,,No,No,1h 30m,
"Watch lectures 248 - Conditionals, loops, templates, roles, AWS",2026-09-30,Wednesday,Week 5,10:45,12:15,Udemy,S22: Ansible,248,248. Ansible for AWS,"No passive watching. If a lecture is a demo, follow along in your own terminal.",Notes in week-XX/notes.md,High,Not Started,No,,No,,No,No,1h 30m,
"Hands-on exercise: Conditionals, loops, templates, roles, AWS",2026-09-30,Wednesday,Week 5,13:15,15:15,Practice,,,,Refactor the Nginx playbook into a proper role (tasks/handlers/templates/vars) and template the config file with Jinja2.,Working exercise committed to the repo,High,Not Started,No,,No,,No,No,2h 00m,
Troubleshooting & revision,2026-09-30,Wednesday,Week 5,15:30,16:30,Revision,,,,"Break something on purpose, then fix it. Record symptom, cause and fix.",New row in docs/troubleshooting-log.md,Medium,Not Started,No,,No,,No,No,1h 00m,This log is where your interview answers come from.
Push today's work to GitHub,2026-09-30,Wednesday,Week 5,16:30,16:45,GitHub,,,,"Commit exercises and notes. Small commits, honest messages.",Commit URL,High,Not Started,Yes,,No,,No,No,15m,
Publish LinkedIn learning report,2026-09-30,Wednesday,Week 5,16:45,17:00,LinkedIn,,,,Use linkedin-report-template.md: learned / built / problem / solution / insight. Attach evidence.,LinkedIn post URL,High,Not Started,No,,Yes,,No,No,15m,
Tech365 in-person DevOps class,2026-10-01,Thursday,Week 5,09:00,13:00,Tech365,,,,Fixed commitment. No Udemy work during this block.,Class notes,High,Not Started,No,,No,,No,No,4h 00m,"If Tech365 covers the same topic as today's lectures, note where the two explanations differ."
Watch lectures 249-252 - vProfile Ansible code + monitoring intro,2026-10-01,Thursday,Week 5,14:00,15:00,Udemy,S22: Ansible; S23: Monitoring & Observability,"249, 250, 251, 252",249. Vprofile code | 250. Introduction to Monitoring | 251. Why Monitoring is Essential for DevOps | 252. Monitoring and Observability Tools,Lighter load today by design. Quality of attention beats volume.,Notes in week-XX/notes.md,High,Not Started,No,,No,,No,No,1h 00m,
Short practical reinforcement,2026-10-01,Thursday,Week 5,15:00,16:00,Practice,,,,Read the vProfile Ansible code and map each role to something you already built by hand in Week 1.,Working exercise committed to the repo,Medium,Not Started,No,,No,,No,No,1h 00m,
Revision & interview prep,2026-10-01,Thursday,Week 5,16:00,16:30,Revision,,,,"Lectures 1-118 are already complete - keep them alive. Re-explain one earlier concept out loud, or answer one interview question from a past lab in writing.",One answered question in labs/lab-XX/answers.md,Medium,Not Started,No,,No,,No,No,30m,
Push today's work to GitHub,2026-10-01,Thursday,Week 5,16:30,16:45,GitHub,,,,"Push whatever you built today, even if small.",Commit URL,Medium,Not Started,Yes,,No,,No,No,15m,
Publish LinkedIn learning report,2026-10-01,Thursday,Week 5,16:45,17:00,LinkedIn,,,,"Short post is fine on Tech365 days - one thing learned, one thing built.",LinkedIn post URL,High,Not Started,No,,Yes,,No,No,15m,
"Watch lectures 253-255 - Prometheus, node exporter, PromQL, Grafana",2026-10-02,Friday,Week 5,09:00,10:30,Udemy,S23: Monitoring & Observability,"253, 254, 255",253. Setting Up the Monitoring Environment | 254. Loki and Web Server Setup | 255. Adding a Node to Prometheus,"Watch actively. Pause after each lecture and write one sentence: what does it do, when would you use it?",Notes in week-XX/notes.md,High,Not Started,No,,No,,No,No,1h 30m,
"Watch lectures 256-258 - Prometheus, node exporter, PromQL, Grafana",2026-10-02,Friday,Week 5,10:45,12:15,Udemy,S23: Monitoring & Observability,"256, 257, 258",256. Understanding PromQL (Prometheus Query Language) | 257. Connecting Grafana & Prometheus | 258. Integrating Slack for Notifications,"No passive watching. If a lecture is a demo, follow along in your own terminal.",Notes in week-XX/notes.md,High,Not Started,No,,No,,No,No,1h 30m,
"Hands-on exercise: Prometheus, node exporter, PromQL, Grafana",2026-10-02,Friday,Week 5,13:15,15:15,Practice,,,,Install Prometheus + node_exporter on one EC2 and Grafana alongside it. Query node_cpu_seconds_total in PromQL and connect Grafana.,Working exercise committed to the repo,High,Not Started,No,,No,,No,No,2h 00m,
Troubleshooting & revision,2026-10-02,Friday,Week 5,15:30,16:30,Revision,,,,"Break something on purpose, then fix it. Record symptom, cause and fix.",New row in docs/troubleshooting-log.md,Medium,Not Started,No,,No,,No,No,1h 00m,This log is where your interview answers come from.
Push today's work to GitHub,2026-10-02,Friday,Week 5,16:30,16:45,GitHub,,,,"Commit exercises and notes. Small commits, honest messages.",Commit URL,High,Not Started,Yes,,No,,No,No,15m,
Publish LinkedIn learning report,2026-10-02,Friday,Week 5,16:45,17:00,LinkedIn,,,,Use linkedin-report-template.md: learned / built / problem / solution / insight. Attach evidence.,LinkedIn post URL,High,Not Started,No,,Yes,,No,No,15m,
"Watch lectures 259-262 - Grafana dashboards, alerts, Loki",2026-10-03,Saturday,Week 5,09:00,10:00,Udemy,S23: Monitoring & Observability,"259, 260, 261, 262",259. PromQL for Grafana Dashboards | 260. Building Grafana Panels and Dashboards | 261. Creating Alerts and Thresholds | 262. Integrating Loki and Alloy for Logs and Metrics,"The only weekend lectures in the plan. They are the dashboard build itself, so watch them inside the lab.",Notes,High,Not Started,No,,No,,No,No,1h 00m,
LAB 5: Ansible configuration management + Prometheus/Grafana observability - build phase,2026-10-03,Saturday,Week 5,10:00,13:00,Lab,,,,"Provision infrastructure with Terraform, configure it entirely with Ansible roles, and monitor it with Prometheus, Grafana, node_exporter and Loki. Build a real dashboard and a real alert that fires to Slack.",Working build for Lab 5,High,Not Started,No,,No,,Yes,No,3h 00m,
LAB 5: verify against acceptance criteria,2026-10-03,Saturday,Week 5,14:00,15:00,Lab,,,,"Do not mark the lab done until all pass. Criteria: Ansible roles with handlers and Jinja2 templates - no long flat playbooks; Prometheus scraping at least two nodes; A Grafana dashboard with CPU, memory, disk and app-availability panels; An alert rule with a threshold you can trigger on demand",All acceptance criteria ticked,High,Not Started,No,,No,,Yes,No,1h 00m,
LAB 5: troubleshooting challenges,2026-10-03,Saturday,Week 5,15:00,15:45,Lab,,,,Work the deliberate breakages. Hints only - do not look up answers. Challenges: Ansible reports 'changed' on every run - your playbook is not idempotent. / Prometheus shows the target as DOWN but you can curl :9100/metrics from the Prometheus host. / Grafana panels are empty even though the datasource test succeeds.,Entries in docs/troubleshooting-log.md,High,Not Started,No,,No,,Yes,No,45m,
Cleanup & cloud cost check,2026-10-03,Saturday,Week 5,15:45,16:30,Lab,,,,"Destroy or stop every billable resource, run python3 scripts/aws_audit.py --all-regions, check the Billing dashboard.","Clean AWS account, audit output saved",High,Not Started,No,,No,,No,No,45m,Never skip. A forgotten NAT gateway costs more than the course did.
Commit Lab 5 to GitHub,2026-10-03,Saturday,Week 5,16:30,16:45,GitHub,,,,"Push lab code, README updates and screenshots.",Commit URL,High,Not Started,Yes,,No,,No,No,15m,
Publish LinkedIn lab report - Lab 5,2026-10-03,Saturday,Week 5,16:45,17:00,LinkedIn,,,,Today's post is about what you BUILT. Attach a screenshot as evidence.,LinkedIn post URL,High,Not Started,No,,Yes,,No,No,15m,
"Finish, test and troubleshoot the week's lab",2026-10-04,Sunday,Week 5,10:00,12:00,Lab,,,,Finish and document Lab 5. Export your Grafana dashboard JSON into the repo so anyone can import it. Mid-point review: are you on track?,Completed lab,High,Not Started,No,,No,,Yes,No,2h 00m,
"Documentation: README, architecture diagram, screenshots",2026-10-04,Sunday,Week 5,12:00,13:00,GitHub,,,,"Update the lab README: objective, architecture, steps, verification, troubleshooting, cleanup. Add your hand-drawn diagram to architecture/.",Updated README + diagram committed,High,Not Started,Yes,,No,,No,No,1h 00m,
Explain the week's project out loud (record it),2026-10-04,Sunday,Week 5,14:00,15:00,Presentation,,,,Answer all six aloud and record: What did I build? Why? How does it work? What problem did I hit? How did I troubleshoot it? What would I improve?,Recording + written answers,High,Not Started,No,,No,,No,Yes,1h 00m,"If any answer is vague, that is the thing to revisit before moving on."
Weekly reflection + LinkedIn summary post,2026-10-04,Sunday,Week 5,15:00,15:30,LinkedIn,,,,"One weekly post tying the week together, with your best evidence attached.",LinkedIn post URL,High,Not Started,No,,Yes,,No,No,30m,
Watch lectures 263-265 - VPC design and components,2026-10-05,Monday,Week 6,09:00,10:30,Udemy,S24: AWS Part-2,"263, 264, 265",263. VPC Introduction | 264. VPC Design & Components | 265. VPC Setup Details,"Watch actively. Pause after each lecture and write one sentence: what does it do, when would you use it?",Notes in week-XX/notes.md,High,Not Started,No,,No,,No,No,1h 30m,
Watch lectures 266-272 - VPC design and components,2026-10-05,Monday,Week 6,10:45,12:15,Udemy,S24: AWS Part-2,"266, 267, 268, 269, 270, 271, 272",266. Default VPC | 267. Create VPC | 268. Subnets | 269. Internet Gateway | 270. Route Tables | 271. NAT Gateway | 272. [TITLE NOT READABLE IN SCREENSHOT],"No passive watching. If a lecture is a demo, follow along in your own terminal.",Notes in week-XX/notes.md,High,Not Started,No,,No,,No,No,1h 30m,
Hands-on exercise: VPC design and components,2026-10-05,Monday,Week 6,13:15,15:15,Practice,,,,"Draw the target VPC on paper first: 2 public + 2 private subnets, IGW, NAT, route tables. Then build it in the console.",Working exercise committed to the repo,High,Not Started,No,,No,,No,No,2h 00m,
Troubleshooting & revision,2026-10-05,Monday,Week 6,15:30,16:30,Revision,,,,"Break something on purpose, then fix it. Record symptom, cause and fix.",New row in docs/troubleshooting-log.md,Medium,Not Started,No,,No,,No,No,1h 00m,This log is where your interview answers come from.
Push today's work to GitHub,2026-10-05,Monday,Week 6,16:30,16:45,GitHub,,,,"Commit exercises and notes. Small commits, honest messages.",Commit URL,High,Not Started,Yes,,No,,No,No,15m,
Publish LinkedIn learning report,2026-10-05,Monday,Week 6,16:45,17:00,LinkedIn,,,,Use linkedin-report-template.md: learned / built / problem / solution / insight. Attach evidence.,LinkedIn post URL,High,Not Started,No,,Yes,,No,No,15m,
Tech365 in-person DevOps class,2026-10-06,Tuesday,Week 6,09:00,13:00,Tech365,,,,Fixed commitment. No Udemy work during this block.,Class notes,High,Not Started,No,,No,,No,No,4h 00m,"If Tech365 covers the same topic as today's lectures, note where the two explanations differ."
"Watch lectures 273-275 - Website in VPC, peering, Terraform VPC",2026-10-06,Tuesday,Week 6,14:00,15:00,Udemy,S24: AWS Part-2,"273, 274, 275",273. Website in VPC | 274. Peering | 275. Terraform for VPC Setup,Lighter load today by design. Quality of attention beats volume.,Notes in week-XX/notes.md,High,Not Started,No,,No,,No,No,1h 00m,
Short practical reinforcement,2026-10-06,Tuesday,Week 6,15:00,16:00,Practice,,,,Recreate today's VPC in Terraform. Compare the console version with the code version - which one could you rebuild in 5 minutes?,Working exercise committed to the repo,Medium,Not Started,No,,No,,No,No,1h 00m,
Revision & interview prep,2026-10-06,Tuesday,Week 6,16:00,16:30,Revision,,,,"Lectures 1-118 are already complete - keep them alive. Re-explain one earlier concept out loud, or answer one interview question from a past lab in writing.",One answered question in labs/lab-XX/answers.md,Medium,Not Started,No,,No,,No,No,30m,
Push today's work to GitHub,2026-10-06,Tuesday,Week 6,16:30,16:45,GitHub,,,,"Push whatever you built today, even if small.",Commit URL,Medium,Not Started,Yes,,No,,No,No,15m,
Publish LinkedIn learning report,2026-10-06,Tuesday,Week 6,16:45,17:00,LinkedIn,,,,"Short post is fine on Tech365 days - one thing learned, one thing built.",LinkedIn post URL,High,Not Started,No,,Yes,,No,No,15m,
"Watch lectures 276-284 - EC2 logs, Lambda, AWS CI/CD project",2026-10-07,Wednesday,Week 6,09:00,10:30,Udemy,S24: AWS Part-2; S25: AWS CI / CD Project,"276, 277, 278, 279, 280, 281, 282, 283, 284",276. Ec2 Logs | 277. AWS Lambda | 278. Links | 279. buildspec | 280. Links | 281. S3 policy | 282. Introduction | 283. Beanstalk | 284. RDS & App Setup on Beanstalk,"Watch actively. Pause after each lecture and write one sentence: what does it do, when would you use it?",Notes in week-XX/notes.md,High,Not Started,No,,No,,No,No,1h 30m,
"Watch lectures 285-287 - EC2 logs, Lambda, AWS CI/CD project",2026-10-07,Wednesday,Week 6,10:45,12:15,Udemy,S25: AWS CI / CD Project,"285, 286, 287","285. Code Commit | 286. Code build | 287. Build, Deploy & Code Pipeline","No passive watching. If a lecture is a demo, follow along in your own terminal.",Notes in week-XX/notes.md,High,Not Started,No,,No,,No,No,1h 30m,
"Hands-on exercise: EC2 logs, Lambda, AWS CI/CD project",2026-10-07,Wednesday,Week 6,13:15,15:15,Practice,,,,Build the CodeCommit -> CodeBuild -> CodePipeline -> Beanstalk pipeline end to end. Delete the pipeline and Beanstalk env afterwards.,Working exercise committed to the repo,High,Not Started,No,,No,,No,No,2h 00m,
Troubleshooting & revision,2026-10-07,Wednesday,Week 6,15:30,16:30,Revision,,,,"Break something on purpose, then fix it. Record symptom, cause and fix.",New row in docs/troubleshooting-log.md,Medium,Not Started,No,,No,,No,No,1h 00m,This log is where your interview answers come from.
Push today's work to GitHub,2026-10-07,Wednesday,Week 6,16:30,16:45,GitHub,,,,"Commit exercises and notes. Small commits, honest messages.",Commit URL,High,Not Started,Yes,,No,,No,No,15m,
Publish LinkedIn learning report,2026-10-07,Wednesday,Week 6,16:45,17:00,LinkedIn,,,,Use linkedin-report-template.md: learned / built / problem / solution / insight. Attach evidence.,LinkedIn post URL,High,Not Started,No,,Yes,,No,No,15m,
Tech365 in-person DevOps class,2026-10-08,Thursday,Week 6,09:00,13:00,Tech365,,,,Fixed commitment. No Udemy work during this block.,Class notes,High,Not Started,No,,No,,No,No,4h 00m,"If Tech365 covers the same topic as today's lectures, note where the two explanations differ."
Watch lectures 288-291 - GCP vProfile project intro,2026-10-08,Thursday,Week 6,14:00,15:00,Udemy,S26: Project on Google Cloud,"288, 289, 290, 291",288. Introduction to the GCP vProfile Project | 289. Project Architecture Overview | 290. Setting Up Your GCP Account & Project | 291. Commands in the Source Code,Lighter load today by design. Quality of attention beats volume.,Notes in week-XX/notes.md,High,Not Started,No,,No,,No,No,1h 00m,
Short practical reinforcement,2026-10-08,Thursday,Week 6,15:00,16:00,Practice,,,,"Create a GCP free-trial project, install gcloud, and set your project/region defaults. Do not enable billing-heavy APIs you do not need.",Working exercise committed to the repo,Medium,Not Started,No,,No,,No,No,1h 00m,
Revision & interview prep,2026-10-08,Thursday,Week 6,16:00,16:30,Revision,,,,"Lectures 1-118 are already complete - keep them alive. Re-explain one earlier concept out loud, or answer one interview question from a past lab in writing.",One answered question in labs/lab-XX/answers.md,Medium,Not Started,No,,No,,No,No,30m,
Push today's work to GitHub,2026-10-08,Thursday,Week 6,16:30,16:45,GitHub,,,,"Push whatever you built today, even if small.",Commit URL,Medium,Not Started,Yes,,No,,No,No,15m,
Publish LinkedIn learning report,2026-10-08,Thursday,Week 6,16:45,17:00,LinkedIn,,,,"Short post is fine on Tech365 days - one thing learned, one thing built.",LinkedIn post URL,High,Not Started,No,,Yes,,No,No,15m,
"Watch lectures 292-296 - GCP network, Cloud SQL, MIG, LB, DNS",2026-10-09,Friday,Week 6,09:00,10:30,Udemy,S26: Project on Google Cloud,"292, 293, 294, 295, 296","292. Configuring Project Variables | 293. VPC, Subnets & Network Setup | 294. Firewall Rules & VM Deployment | 295. Configuring Cloud SQL & Memorystore | 296. Setting Up Cloud DNS","Watch actively. Pause after each lecture and write one sentence: what does it do, when would you use it?",Notes in week-XX/notes.md,High,Not Started,No,,No,,No,No,1h 30m,
"Watch lectures 297-301 - GCP network, Cloud SQL, MIG, LB, DNS",2026-10-09,Friday,Week 6,10:45,12:15,Udemy,S26: Project on Google Cloud,"297, 298, 299, 300, 301","297. Creating a Custom VM Image | 298. Building a Managed Instance Group (MIG) | 299. Configuring the Global HTTP/HTTPS Load Balancer | 300. SSL Certificates, HTTPS & Final DNS Setup | 301. Summary and Cleanup","No passive watching. If a lecture is a demo, follow along in your own terminal.",Notes in week-XX/notes.md,High,Not Started,No,,No,,No,No,1h 30m,
"Hands-on exercise: GCP network, Cloud SQL, MIG, LB, DNS",2026-10-09,Friday,Week 6,13:15,15:15,Practice,,,,Complete the GCP deployment and then run the Section 301 cleanup in full. Verify in the billing console that nothing is still running.,Working exercise committed to the repo,High,Not Started,No,,No,,No,No,2h 00m,
Troubleshooting & revision,2026-10-09,Friday,Week 6,15:30,16:30,Revision,,,,"Break something on purpose, then fix it. Record symptom, cause and fix.",New row in docs/troubleshooting-log.md,Medium,Not Started,No,,No,,No,No,1h 00m,This log is where your interview answers come from.
Push today's work to GitHub,2026-10-09,Friday,Week 6,16:30,16:45,GitHub,,,,"Commit exercises and notes. Small commits, honest messages.",Commit URL,High,Not Started,Yes,,No,,No,No,15m,
Publish LinkedIn learning report,2026-10-09,Friday,Week 6,16:45,17:00,LinkedIn,,,,Use linkedin-report-template.md: learned / built / problem / solution / insight. Attach evidence.,LinkedIn post URL,High,Not Started,No,,Yes,,No,No,15m,
LAB 6: Production-style VPC + AWS-native CI/CD pipeline - build phase,2026-10-10,Saturday,Week 6,09:00,11:00,Lab,,,,"Build a proper three-tier VPC in Terraform (public/private subnets across two AZs, IGW, NAT gateway, route tables, bastion) and deploy the application into it through an AWS-native CodeCommit/CodeBuild/CodePipeline flow.",Working build for Lab 6,High,Not Started,No,,No,,Yes,No,2h 00m,
LAB 6: continue building,2026-10-10,Saturday,Week 6,11:15,13:00,Lab,,,,Keep going. Note every error message you hit - you will need them tonight.,Working build for Lab 6,High,Not Started,No,,No,,Yes,No,1h 45m,
LAB 6: verify against acceptance criteria,2026-10-10,Saturday,Week 6,14:00,15:00,Lab,,,,"Do not mark the lab done until all pass. Criteria: Application and database tiers in PRIVATE subnets with no public IPs; NAT gateway for egress only - note that this one DOES cost money hourly; buildspec.yml committed to the repo; A network diagram you drew yourself, committed as PNG",All acceptance criteria ticked,High,Not Started,No,,No,,Yes,No,1h 00m,
LAB 6: troubleshooting challenges,2026-10-10,Saturday,Week 6,15:00,15:45,Lab,,,,Work the deliberate breakages. Hints only - do not look up answers. Challenges: Private instances cannot reach the internet to install packages. / CodeBuild fails with 'no matching artifact' at the end of the build. / You can SSH to the bastion but not from the bastion to the app server.,Entries in docs/troubleshooting-log.md,High,Not Started,No,,No,,Yes,No,45m,
Cleanup & cloud cost check,2026-10-10,Saturday,Week 6,15:45,16:30,Lab,,,,"Destroy or stop every billable resource, run python3 scripts/aws_audit.py --all-regions, check the Billing dashboard.","Clean AWS account, audit output saved",High,Not Started,No,,No,,No,No,45m,Never skip. A forgotten NAT gateway costs more than the course did.
Commit Lab 6 to GitHub,2026-10-10,Saturday,Week 6,16:30,16:45,GitHub,,,,"Push lab code, README updates and screenshots.",Commit URL,High,Not Started,Yes,,No,,No,No,15m,
Publish LinkedIn lab report - Lab 6,2026-10-10,Saturday,Week 6,16:45,17:00,LinkedIn,,,,Today's post is about what you BUILT. Attach a screenshot as evidence.,LinkedIn post URL,High,Not Started,No,,Yes,,No,No,15m,
"Finish, test and troubleshoot the week's lab",2026-10-11,Sunday,Week 6,10:00,12:00,Lab,,,,"Finish and document Lab 6. Redraw the VPC diagram from memory without looking at your notes - if you cannot, you have not learned it yet.",Completed lab,High,Not Started,No,,No,,Yes,No,2h 00m,
"Documentation: README, architecture diagram, screenshots",2026-10-11,Sunday,Week 6,12:00,13:00,GitHub,,,,"Update the lab README: objective, architecture, steps, verification, troubleshooting, cleanup. Add your hand-drawn diagram to architecture/.",Updated README + diagram committed,High,Not Started,Yes,,No,,No,No,1h 00m,
Explain the week's project out loud (record it),2026-10-11,Sunday,Week 6,14:00,15:00,Presentation,,,,Answer all six aloud and record: What did I build? Why? How does it work? What problem did I hit? How did I troubleshoot it? What would I improve?,Recording + written answers,High,Not Started,No,,No,,No,Yes,1h 00m,"If any answer is vague, that is the thing to revisit before moving on."
Weekly reflection + LinkedIn summary post,2026-10-11,Sunday,Week 6,15:00,15:30,LinkedIn,,,,"One weekly post tying the week together, with your best evidence attached.",LinkedIn post URL,High,Not Started,No,,Yes,,No,No,30m,
"Watch lectures 302-304 - Docker engine, commands, logs, volumes",2026-10-12,Monday,Week 7,09:00,10:30,Udemy,S27: Docker,"302, 303, 304",302. Introduction | 303. Docker Setup | 304. Docker commands & concepts,"Watch actively. Pause after each lecture and write one sentence: what does it do, when would you use it?",Notes in week-XX/notes.md,High,Not Started,No,,No,,No,No,1h 30m,
"Watch lectures 305-306 - Docker engine, commands, logs, volumes",2026-10-12,Monday,Week 7,10:45,12:15,Udemy,S27: Docker,"305, 306",305. Docker Logs | 306. Docker volumes,"No passive watching. If a lecture is a demo, follow along in your own terminal.",Notes in week-XX/notes.md,High,Not Started,No,,No,,No,No,1h 30m,
"Hands-on exercise: Docker engine, commands, logs, volumes",2026-10-12,Monday,Week 7,13:15,15:15,Practice,,,,"Run Nginx in a container, break it deliberately, read the logs, then attach a named volume and prove data survives a container delete.",Working exercise committed to the repo,High,Not Started,No,,No,,No,No,2h 00m,
Troubleshooting & revision,2026-10-12,Monday,Week 7,15:30,16:30,Revision,,,,"Break something on purpose, then fix it. Record symptom, cause and fix.",New row in docs/troubleshooting-log.md,Medium,Not Started,No,,No,,No,No,1h 00m,This log is where your interview answers come from.
Push today's work to GitHub,2026-10-12,Monday,Week 7,16:30,16:45,GitHub,,,,"Commit exercises and notes. Small commits, honest messages.",Commit URL,High,Not Started,Yes,,No,,No,No,15m,
Publish LinkedIn learning report,2026-10-12,Monday,Week 7,16:45,17:00,LinkedIn,,,,Use linkedin-report-template.md: learned / built / problem / solution / insight. Attach evidence.,LinkedIn post URL,High,Not Started,No,,Yes,,No,No,15m,
Tech365 in-person DevOps class,2026-10-13,Tuesday,Week 7,09:00,13:00,Tech365,,,,Fixed commitment. No Udemy work during this block.,Class notes,High,Not Started,No,,No,,No,No,4h 00m,"If Tech365 covers the same topic as today's lectures, note where the two explanations differ."
"Watch lectures 307-308 - Building images, ENTRYPOINT vs CMD",2026-10-13,Tuesday,Week 7,14:00,15:00,Udemy,S27: Docker,"307, 308",307. Building images | 308. Entrypoint and CMD,Lighter load today by design. Quality of attention beats volume.,Notes in week-XX/notes.md,High,Not Started,No,,No,,No,No,1h 00m,
Short practical reinforcement,2026-10-13,Tuesday,Week 7,15:00,16:00,Practice,,,,"Write a Dockerfile for a tiny app. Change ENTRYPOINT to CMD and back, and write down in your notes what actually changed.",Working exercise committed to the repo,Medium,Not Started,No,,No,,No,No,1h 00m,
Revision & interview prep,2026-10-13,Tuesday,Week 7,16:00,16:30,Revision,,,,"Lectures 1-118 are already complete - keep them alive. Re-explain one earlier concept out loud, or answer one interview question from a past lab in writing.",One answered question in labs/lab-XX/answers.md,Medium,Not Started,No,,No,,No,No,30m,
Push today's work to GitHub,2026-10-13,Tuesday,Week 7,16:30,16:45,GitHub,,,,"Push whatever you built today, even if small.",Commit URL,Medium,Not Started,Yes,,No,,No,No,15m,
Publish LinkedIn learning report,2026-10-13,Tuesday,Week 7,16:45,17:00,LinkedIn,,,,"Short post is fine on Tech365 days - one thing learned, one thing built.",LinkedIn post URL,High,Not Started,No,,Yes,,No,No,15m,
"Watch lectures 309-311 - Compose, multi-stage, base images, Dockerhub",2026-10-14,Wednesday,Week 7,09:00,10:30,Udemy,S27: Docker; S28: Containerization,"309, 310, 311",309. Docker Compose | 310. Multi Stage Dockerfile | 311. Introduction,"Watch actively. Pause after each lecture and write one sentence: what does it do, when would you use it?",Notes in week-XX/notes.md,High,Not Started,No,,No,,No,No,1h 30m,
"Watch lectures 312-315 - Compose, multi-stage, base images, Dockerhub",2026-10-14,Wednesday,Week 7,10:45,12:15,Udemy,S28: Containerization,"312, 313, 314, 315",312. Overview of Base Image | 313. Dockerhub Setup | 314. Setup Docker Engine | 315. Dockerhub & Dockerfile References,"No passive watching. If a lecture is a demo, follow along in your own terminal.",Notes in week-XX/notes.md,High,Not Started,No,,No,,No,No,1h 30m,
"Hands-on exercise: Compose, multi-stage, base images, Dockerhub",2026-10-14,Wednesday,Week 7,13:15,15:15,Practice,,,,Write a multi-stage Dockerfile that builds the war in one stage and copies only the artifact into a slim runtime stage. Compare image sizes.,Working exercise committed to the repo,High,Not Started,No,,No,,No,No,2h 00m,
Troubleshooting & revision,2026-10-14,Wednesday,Week 7,15:30,16:30,Revision,,,,"Break something on purpose, then fix it. Record symptom, cause and fix.",New row in docs/troubleshooting-log.md,Medium,Not Started,No,,No,,No,No,1h 00m,This log is where your interview answers come from.
Push today's work to GitHub,2026-10-14,Wednesday,Week 7,16:30,16:45,GitHub,,,,"Commit exercises and notes. Small commits, honest messages.",Commit URL,High,Not Started,Yes,,No,,No,No,15m,
Publish LinkedIn learning report,2026-10-14,Wednesday,Week 7,16:45,17:00,LinkedIn,,,,Use linkedin-report-template.md: learned / built / problem / solution / insight. Attach evidence.,LinkedIn post URL,High,Not Started,No,,Yes,,No,No,15m,
Tech365 in-person DevOps class,2026-10-15,Thursday,Week 7,09:00,13:00,Tech365,,,,Fixed commitment. No Udemy work during this block.,Class notes,High,Not Started,No,,No,,No,No,4h 00m,"If Tech365 covers the same topic as today's lectures, note where the two explanations differ."
"Watch lectures 316-318 - App, DB and Web image Dockerfiles",2026-10-15,Thursday,Week 7,14:00,15:00,Udemy,S28: Containerization,"316, 317, 318",316. App Image Dockerfile | 317. DB Image Dockerfile | 318. Web Image Dockerfile,Lighter load today by design. Quality of attention beats volume.,Notes in week-XX/notes.md,High,Not Started,No,,No,,No,No,1h 00m,
Short practical reinforcement,2026-10-15,Thursday,Week 7,15:00,16:00,Practice,,,,Build all three vProfile images locally and push them to your Docker Hub account under your own namespace.,Working exercise committed to the repo,Medium,Not Started,No,,No,,No,No,1h 00m,
Revision & interview prep,2026-10-15,Thursday,Week 7,16:00,16:30,Revision,,,,"Lectures 1-118 are already complete - keep them alive. Re-explain one earlier concept out loud, or answer one interview question from a past lab in writing.",One answered question in labs/lab-XX/answers.md,Medium,Not Started,No,,No,,No,No,30m,
Push today's work to GitHub,2026-10-15,Thursday,Week 7,16:30,16:45,GitHub,,,,"Push whatever you built today, even if small.",Commit URL,Medium,Not Started,Yes,,No,,No,No,15m,
Publish LinkedIn learning report,2026-10-15,Thursday,Week 7,16:45,17:00,LinkedIn,,,,"Short post is fine on Tech365 days - one thing learned, one thing built.",LinkedIn post URL,High,Not Started,No,,Yes,,No,No,15m,
Watch lectures 319-321 - Compose stack + microservice containerization,2026-10-16,Friday,Week 7,09:00,10:30,Udemy,S28: Containerization,"319, 320, 321",319. Docker Compose | 320. Build and Run | 321. Summarize,"Watch actively. Pause after each lecture and write one sentence: what does it do, when would you use it?",Notes in week-XX/notes.md,High,Not Started,No,,No,,No,No,1h 30m,
Watch lectures 322-323 - Compose stack + microservice containerization,2026-10-16,Friday,Week 7,10:45,12:15,Udemy,S28: Containerization,"322, 323",322. Containerizing Microservice Project | 323. Build & Run Microservice App,"No passive watching. If a lecture is a demo, follow along in your own terminal.",Notes in week-XX/notes.md,High,Not Started,No,,No,,No,No,1h 30m,
Hands-on exercise: Compose stack + microservice containerization,2026-10-16,Friday,Week 7,13:15,15:15,Practice,,,,"Bring the entire stack up with one `docker compose up -d`, then containerize the microservice project.",Working exercise committed to the repo,High,Not Started,No,,No,,No,No,2h 00m,
Troubleshooting & revision,2026-10-16,Friday,Week 7,15:30,16:30,Revision,,,,"Break something on purpose, then fix it. Record symptom, cause and fix.",New row in docs/troubleshooting-log.md,Medium,Not Started,No,,No,,No,No,1h 00m,This log is where your interview answers come from.
Push today's work to GitHub,2026-10-16,Friday,Week 7,16:30,16:45,GitHub,,,,"Commit exercises and notes. Small commits, honest messages.",Commit URL,High,Not Started,Yes,,No,,No,No,15m,
Publish LinkedIn learning report,2026-10-16,Friday,Week 7,16:45,17:00,LinkedIn,,,,Use linkedin-report-template.md: learned / built / problem / solution / insight. Attach evidence.,LinkedIn post URL,High,Not Started,No,,Yes,,No,No,15m,
LAB 7: Full containerization of the multi-tier application - build phase,2026-10-17,Saturday,Week 7,09:00,11:00,Lab,,,,"Containerize every tier: a multi-stage Dockerfile for the Java app, a custom DB image with the schema pre-loaded, an Nginx web image, plus Memcached and RabbitMQ. Bring the whole thing up with one docker compose command and publish the images.",Working build for Lab 7,High,Not Started,No,,No,,Yes,No,2h 00m,
LAB 7: continue building,2026-10-17,Saturday,Week 7,11:15,13:00,Lab,,,,Keep going. Note every error message you hit - you will need them tonight.,Working build for Lab 7,High,Not Started,No,,No,,Yes,No,1h 45m,
LAB 7: verify against acceptance criteria,2026-10-17,Saturday,Week 7,14:00,15:00,Lab,,,,"Do not mark the lab done until all pass. Criteria: Multi-stage build with a measurably smaller final image; docker-compose.yml with named volumes, a custom network and healthchecks; Images pushed to Docker Hub under your own account; A .dockerignore that actually excludes build junk",All acceptance criteria ticked,High,Not Started,No,,No,,Yes,No,1h 00m,
LAB 7: troubleshooting challenges,2026-10-17,Saturday,Week 7,15:00,15:45,Lab,,,,Work the deliberate breakages. Hints only - do not look up answers. Challenges: The app container starts then exits immediately with code 0. / The app cannot resolve the hostname 'mysql' even though both containers are running. / Data disappears every time you run `docker compose down`.,Entries in docs/troubleshooting-log.md,High,Not Started,No,,No,,Yes,No,45m,
Cleanup & cloud cost check,2026-10-17,Saturday,Week 7,15:45,16:30,Lab,,,,"Destroy or stop every billable resource, run python3 scripts/aws_audit.py --all-regions, check the Billing dashboard.","Clean AWS account, audit output saved",High,Not Started,No,,No,,No,No,45m,Never skip. A forgotten NAT gateway costs more than the course did.
Commit Lab 7 to GitHub,2026-10-17,Saturday,Week 7,16:30,16:45,GitHub,,,,"Push lab code, README updates and screenshots.",Commit URL,High,Not Started,Yes,,No,,No,No,15m,
Publish LinkedIn lab report - Lab 7,2026-10-17,Saturday,Week 7,16:45,17:00,LinkedIn,,,,Today's post is about what you BUILT. Attach a screenshot as evidence.,LinkedIn post URL,High,Not Started,No,,Yes,,No,No,15m,
"Finish, test and troubleshoot the week's lab",2026-10-18,Sunday,Week 7,10:00,12:00,Lab,,,,"Finish and document Lab 7. Then WRITE THE CAPSTONE PLAN: architecture diagram, repo layout, and the order you will build it in next week.",Completed lab,High,Not Started,No,,No,,Yes,No,2h 00m,
"Documentation: README, architecture diagram, screenshots",2026-10-18,Sunday,Week 7,12:00,13:00,GitHub,,,,"Update the lab README: objective, architecture, steps, verification, troubleshooting, cleanup. Add your hand-drawn diagram to architecture/.",Updated README + diagram committed,High,Not Started,Yes,,No,,No,No,1h 00m,
Explain the week's project out loud (record it),2026-10-18,Sunday,Week 7,14:00,15:00,Presentation,,,,Answer all six aloud and record: What did I build? Why? How does it work? What problem did I hit? How did I troubleshoot it? What would I improve?,Recording + written answers,High,Not Started,No,,No,,No,Yes,1h 00m,"If any answer is vague, that is the thing to revisit before moving on."
Weekly reflection + LinkedIn summary post,2026-10-18,Sunday,Week 7,15:00,15:30,LinkedIn,,,,"One weekly post tying the week together, with your best evidence attached.",LinkedIn post URL,High,Not Started,No,,Yes,,No,No,30m,
"Watch lectures 324-326 - Kubernetes intro, Minikube, Kops, kubeconfig",2026-10-19,Monday,Week 8,09:00,10:30,Udemy,S29: Kubernetes,"324, 325, 326",324. Introduction | 325. Minikube for K8s Setup | 326. Kops for K8s Setup,"Watch actively. Pause after each lecture and write one sentence: what does it do, when would you use it?",Notes in week-XX/notes.md,High,Not Started,No,,No,,No,No,1h 30m,
"Watch lectures 327-328 - Kubernetes intro, Minikube, Kops, kubeconfig",2026-10-19,Monday,Week 8,10:45,12:15,Udemy,S29: Kubernetes,"327, 328",327. Objects and Documentation | 328. Kube Config,"No passive watching. If a lecture is a demo, follow along in your own terminal.",Notes in week-XX/notes.md,High,Not Started,No,,No,,No,No,1h 30m,
"Hands-on exercise: Kubernetes intro, Minikube, Kops, kubeconfig",2026-10-19,Monday,Week 8,13:15,15:15,Practice,,,,Get a working Minikube cluster and run `kubectl get nodes`. Understand your kubeconfig before touching a cloud cluster.,Working exercise committed to the repo,High,Not Started,No,,No,,No,No,2h 00m,
Troubleshooting & revision,2026-10-19,Monday,Week 8,15:30,16:30,Revision,,,,"Break something on purpose, then fix it. Record symptom, cause and fix.",New row in docs/troubleshooting-log.md,Medium,Not Started,No,,No,,No,No,1h 00m,This log is where your interview answers come from.
Push today's work to GitHub,2026-10-19,Monday,Week 8,16:30,16:45,GitHub,,,,"Commit exercises and notes. Small commits, honest messages.",Commit URL,High,Not Started,Yes,,No,,No,No,15m,
Publish LinkedIn learning report,2026-10-19,Monday,Week 8,16:45,17:00,LinkedIn,,,,Use linkedin-report-template.md: learned / built / problem / solution / insight. Attach evidence.,LinkedIn post URL,High,Not Started,No,,Yes,,No,No,15m,
Tech365 in-person DevOps class,2026-10-20,Tuesday,Week 8,09:00,13:00,Tech365,,,,Fixed commitment. No Udemy work during this block.,Class notes,High,Not Started,No,,No,,No,No,4h 00m,"If Tech365 covers the same topic as today's lectures, note where the two explanations differ."
"Watch lectures 329-331 - Pods, namespaces, logging",2026-10-20,Tuesday,Week 8,14:00,15:00,Udemy,S29: Kubernetes,"329, 330, 331",329. Pods | 330. Namespace | 331. Different levels of Logging,Lighter load today by design. Quality of attention beats volume.,Notes in week-XX/notes.md,High,Not Started,No,,No,,No,No,1h 00m,
Short practical reinforcement,2026-10-20,Tuesday,Week 8,15:00,16:00,Practice,,,,"Create a pod from YAML, put it in its own namespace, then deliberately mistype the image name and read the resulting event stream.",Working exercise committed to the repo,Medium,Not Started,No,,No,,No,No,1h 00m,
Revision & interview prep,2026-10-20,Tuesday,Week 8,16:00,16:30,Revision,,,,"Lectures 1-118 are already complete - keep them alive. Re-explain one earlier concept out loud, or answer one interview question from a past lab in writing.",One answered question in labs/lab-XX/answers.md,Medium,Not Started,No,,No,,No,No,30m,
Push today's work to GitHub,2026-10-20,Tuesday,Week 8,16:30,16:45,GitHub,,,,"Push whatever you built today, even if small.",Commit URL,Medium,Not Started,Yes,,No,,No,No,15m,
Publish LinkedIn learning report,2026-10-20,Tuesday,Week 8,16:45,17:00,LinkedIn,,,,"Short post is fine on Tech365 days - one thing learned, one thing built.",LinkedIn post URL,High,Not Started,No,,Yes,,No,No,15m,
"Watch lectures 332-334 - Services, ReplicaSets, Deployments, ConfigMaps",2026-10-21,Wednesday,Week 8,09:00,10:30,Udemy,S29: Kubernetes,"332, 333, 334",332. Service | 333. Replica Set | 334. Deployment,"Watch actively. Pause after each lecture and write one sentence: what does it do, when would you use it?",Notes in week-XX/notes.md,High,Not Started,No,,No,,No,No,1h 30m,
"Watch lectures 335-337 - Services, ReplicaSets, Deployments, ConfigMaps",2026-10-21,Wednesday,Week 8,10:45,12:15,Udemy,S29: Kubernetes,"335, 336, 337",335. Command and Arguments | 336. Volumes | 337. Config Map,"No passive watching. If a lecture is a demo, follow along in your own terminal.",Notes in week-XX/notes.md,High,Not Started,No,,No,,No,No,1h 30m,
"Hands-on exercise: Services, ReplicaSets, Deployments, ConfigMaps",2026-10-21,Wednesday,Week 8,13:15,15:15,Practice,,,,"Deploy 3 replicas behind a ClusterIP service, roll out an image change, then roll it back with `kubectl rollout undo`.",Working exercise committed to the repo,High,Not Started,No,,No,,No,No,2h 00m,
Troubleshooting & revision,2026-10-21,Wednesday,Week 8,15:30,16:30,Revision,,,,"Break something on purpose, then fix it. Record symptom, cause and fix.",New row in docs/troubleshooting-log.md,Medium,Not Started,No,,No,,No,No,1h 00m,This log is where your interview answers come from.
Push today's work to GitHub,2026-10-21,Wednesday,Week 8,16:30,16:45,GitHub,,,,"Commit exercises and notes. Small commits, honest messages.",Commit URL,High,Not Started,Yes,,No,,No,No,15m,
Publish LinkedIn learning report,2026-10-21,Wednesday,Week 8,16:45,17:00,LinkedIn,,,,Use linkedin-report-template.md: learned / built / problem / solution / insight. Attach evidence.,LinkedIn post URL,High,Not Started,No,,Yes,,No,No,15m,
Tech365 in-person DevOps class,2026-10-22,Thursday,Week 8,09:00,13:00,Tech365,,,,Fixed commitment. No Udemy work during this block.,Class notes,High,Not Started,No,,No,,No,No,4h 00m,"If Tech365 covers the same topic as today's lectures, note where the two explanations differ."
Watch lectures 338-339 - Secrets and Ingress,2026-10-22,Thursday,Week 8,14:00,15:00,Udemy,S29: Kubernetes,"338, 339",338. Secret | 339. Ingress,Lighter load today by design. Quality of attention beats volume.,Notes in week-XX/notes.md,High,Not Started,No,,No,,No,No,1h 00m,
Short practical reinforcement,2026-10-22,Thursday,Week 8,15:00,16:00,Practice,,,,"Create a secret from a literal, mount it as an env var, and expose a deployment through an Ingress.",Working exercise committed to the repo,Medium,Not Started,No,,No,,No,No,1h 00m,
Revision & interview prep,2026-10-22,Thursday,Week 8,16:00,16:30,Revision,,,,"Lectures 1-118 are already complete - keep them alive. Re-explain one earlier concept out loud, or answer one interview question from a past lab in writing.",One answered question in labs/lab-XX/answers.md,Medium,Not Started,No,,No,,No,No,30m,
Push today's work to GitHub,2026-10-22,Thursday,Week 8,16:30,16:45,GitHub,,,,"Push whatever you built today, even if small.",Commit URL,Medium,Not Started,Yes,,No,,No,No,15m,
Publish LinkedIn learning report,2026-10-22,Thursday,Week 8,16:45,17:00,LinkedIn,,,,"Short post is fine on Tech365 days - one thing learned, one thing built.",LinkedIn post URL,High,Not Started,No,,Yes,,No,No,15m,
"Watch lectures 340-343 - kubectl CLI, Helm, Lens, Terraform for EKS",2026-10-23,Friday,Week 8,09:00,10:30,Udemy,S29: Kubernetes,"340, 341, 342, 343",340. Kubectl CLI & Cheatsheet | 341. Extras | 342. Helm Introduction | 343. Helm Hands On,"Watch actively. Pause after each lecture and write one sentence: what does it do, when would you use it?",Notes in week-XX/notes.md,High,Not Started,No,,No,,No,No,1h 30m,
"Watch lectures 344-346 - kubectl CLI, Helm, Lens, Terraform for EKS",2026-10-23,Friday,Week 8,10:45,12:15,Udemy,S29: Kubernetes,"344, 345, 346",344. Helm with AI | 345. Lens | 346. Terraform For EKS Setup,"No passive watching. If a lecture is a demo, follow along in your own terminal.",Notes in week-XX/notes.md,High,Not Started,No,,No,,No,No,1h 30m,
"Hands-on exercise: kubectl CLI, Helm, Lens, Terraform for EKS",2026-10-23,Friday,Week 8,13:15,15:15,Practice,,,,Package one of your deployments as a Helm chart with values.yaml. Read (do not yet apply) the Terraform EKS module.,Working exercise committed to the repo,High,Not Started,No,,No,,No,No,2h 00m,
Troubleshooting & revision,2026-10-23,Friday,Week 8,15:30,16:30,Revision,,,,"Break something on purpose, then fix it. Record symptom, cause and fix.",New row in docs/troubleshooting-log.md,Medium,Not Started,No,,No,,No,No,1h 00m,This log is where your interview answers come from.
Push today's work to GitHub,2026-10-23,Friday,Week 8,16:30,16:45,GitHub,,,,"Commit exercises and notes. Small commits, honest messages.",Commit URL,High,Not Started,Yes,,No,,No,No,15m,
Publish LinkedIn learning report,2026-10-23,Friday,Week 8,16:45,17:00,LinkedIn,,,,Use linkedin-report-template.md: learned / built / problem / solution / insight. Attach evidence.,LinkedIn post URL,High,Not Started,No,,Yes,,No,No,15m,
LAB 8: Kubernetes deployment with Helm - CAPSTONE PHASE 1 - build phase,2026-10-24,Saturday,Week 8,09:00,11:00,Lab,,,,"This lab is the first phase of your capstone. Provision an EKS cluster with Terraform (or run on Minikube if you want to avoid EKS cost), package the application as a Helm chart, and deploy it with secrets, persistent volumes, services and an Ingress.",Working build for Lab 8,High,Not Started,No,,No,,Yes,No,2h 00m,
LAB 8: continue building,2026-10-24,Saturday,Week 8,11:15,13:00,Lab,,,,Keep going. Note every error message you hit - you will need them tonight.,Working build for Lab 8,High,Not Started,No,,No,,Yes,No,1h 45m,
LAB 8: verify against acceptance criteria,2026-10-24,Saturday,Week 8,14:00,15:00,Lab,,,,"Do not mark the lab done until all pass. Criteria: Terraform-managed cluster, not a console-created one; One Helm chart with a values.yaml that switches between dev and prod settings; Secrets NOT committed - use kubectl create secret or an external secret reference; A working Ingress you can reach in a browser",All acceptance criteria ticked,High,Not Started,No,,No,,Yes,No,1h 00m,
LAB 8: troubleshooting challenges,2026-10-24,Saturday,Week 8,15:00,15:45,Lab,,,,Work the deliberate breakages. Hints only - do not look up answers. Challenges: Pods stuck in Pending - describe the pod and read the events. / CrashLoopBackOff on the app pod with a database connection refused error. / The PVC stays Pending forever on your cluster.,Entries in docs/troubleshooting-log.md,High,Not Started,No,,No,,Yes,No,45m,
Cleanup & cloud cost check,2026-10-24,Saturday,Week 8,15:45,16:30,Lab,,,,"Destroy or stop every billable resource, run python3 scripts/aws_audit.py --all-regions, check the Billing dashboard.","Clean AWS account, audit output saved",High,Not Started,No,,No,,No,No,45m,Never skip. A forgotten NAT gateway costs more than the course did.
Commit Lab 8 to GitHub,2026-10-24,Saturday,Week 8,16:30,16:45,GitHub,,,,"Push lab code, README updates and screenshots.",Commit URL,High,Not Started,Yes,,No,,No,No,15m,
Publish LinkedIn lab report - Lab 8,2026-10-24,Saturday,Week 8,16:45,17:00,LinkedIn,,,,Today's post is about what you BUILT. Attach a screenshot as evidence.,LinkedIn post URL,High,Not Started,No,,Yes,,No,No,15m,
"Finish, test and troubleshoot the week's lab",2026-10-25,Sunday,Week 8,10:00,12:00,Lab,,,,Finish Lab 8 / capstone phase 1. Confirm the cluster comes up from `terraform apply` alone. Prepare the capstone build checklist for the final week.,Completed lab,High,Not Started,No,,No,,Yes,No,2h 00m,
"Documentation: README, architecture diagram, screenshots",2026-10-25,Sunday,Week 8,12:00,13:00,GitHub,,,,"Update the lab README: objective, architecture, steps, verification, troubleshooting, cleanup. Add your hand-drawn diagram to architecture/.",Updated README + diagram committed,High,Not Started,Yes,,No,,No,No,1h 00m,
Explain the week's project out loud (record it),2026-10-25,Sunday,Week 8,14:00,15:00,Presentation,,,,Answer all six aloud and record: What did I build? Why? How does it work? What problem did I hit? How did I troubleshoot it? What would I improve?,Recording + written answers,High,Not Started,No,,No,,No,Yes,1h 00m,"If any answer is vague, that is the thing to revisit before moving on."
Weekly reflection + LinkedIn summary post,2026-10-25,Sunday,Week 8,15:00,15:30,LinkedIn,,,,"One weekly post tying the week together, with your best evidence attached.",LinkedIn post URL,High,Not Started,No,,Yes,,No,No,30m,
"Watch lectures 347-352 - vProfile on Kubernetes - secrets, PVC, services",2026-10-26,Monday,Week 9,09:00,10:30,Udemy,S30: App Deployment on Kubernetes Cluster,"347, 348, 349, 350, 351, 352",347. Introduction | 348. Architecture | 349. Source Code Overview | 350. Secret | 351. Persistent Volume for DB [PVC] | 352. MySQL App,"Watch actively. Pause after each lecture and write one sentence: what does it do, when would you use it?",Notes in week-XX/notes.md,High,Not Started,No,,No,,No,No,1h 30m,
"Watch lectures 353-356 - vProfile on Kubernetes - secrets, PVC, services",2026-10-26,Monday,Week 9,10:45,12:15,Udemy,S30: App Deployment on Kubernetes Cluster,"353, 354, 355, 356",353. MySQL Service | 354. Memcache App & Service | 355. RabbitMQ App & Service | 356. Tomcat App & Service,"No passive watching. If a lecture is a demo, follow along in your own terminal.",Notes in week-XX/notes.md,High,Not Started,No,,No,,No,No,1h 30m,
"Hands-on exercise: vProfile on Kubernetes - secrets, PVC, services",2026-10-26,Monday,Week 9,13:15,15:15,Practice,,,,Apply the full manifest set to your cluster and debug until every pod is Running. Expect failures - that is the point.,Working exercise committed to the repo,High,Not Started,No,,No,,No,No,2h 00m,
Troubleshooting & revision,2026-10-26,Monday,Week 9,15:30,16:30,Revision,,,,"Break something on purpose, then fix it. Record symptom, cause and fix.",New row in docs/troubleshooting-log.md,Medium,Not Started,No,,No,,No,No,1h 00m,This log is where your interview answers come from.
Push today's work to GitHub,2026-10-26,Monday,Week 9,16:30,16:45,GitHub,,,,"Commit exercises and notes. Small commits, honest messages.",Commit URL,High,Not Started,Yes,,No,,No,No,15m,
Publish LinkedIn learning report,2026-10-26,Monday,Week 9,16:45,17:00,LinkedIn,,,,Use linkedin-report-template.md: learned / built / problem / solution / insight. Attach evidence.,LinkedIn post URL,High,Not Started,No,,Yes,,No,No,15m,
Tech365 in-person DevOps class,2026-10-27,Tuesday,Week 9,09:00,13:00,Tech365,,,,Fixed commitment. No Udemy work during this block.,Class notes,High,Not Started,No,,No,,No,No,4h 00m,"If Tech365 covers the same topic as today's lectures, note where the two explanations differ."
Watch lectures 357-360 - Ingress and full cluster deployment,2026-10-27,Tuesday,Week 9,14:00,15:00,Udemy,S30: App Deployment on Kubernetes Cluster,"357, 358, 359, 360",357. Ingress | 358. K8s Cluster Setup & Source Code | 359. Deploy App on K8s Cluster | 360. Summarize,Lighter load today by design. Quality of attention beats volume.,Notes in week-XX/notes.md,High,Not Started,No,,No,,No,No,1h 00m,
Short practical reinforcement,2026-10-27,Tuesday,Week 9,15:00,16:00,Practice,,,,Reach the app in a browser through the Ingress. Screenshot it - this goes in the capstone README.,Working exercise committed to the repo,Medium,Not Started,No,,No,,No,No,1h 00m,
Revision & interview prep,2026-10-27,Tuesday,Week 9,16:00,16:30,Revision,,,,"Lectures 1-118 are already complete - keep them alive. Re-explain one earlier concept out loud, or answer one interview question from a past lab in writing.",One answered question in labs/lab-XX/answers.md,Medium,Not Started,No,,No,,No,No,30m,
Push today's work to GitHub,2026-10-27,Tuesday,Week 9,16:30,16:45,GitHub,,,,"Push whatever you built today, even if small.",Commit URL,Medium,Not Started,Yes,,No,,No,No,15m,
Publish LinkedIn learning report,2026-10-27,Tuesday,Week 9,16:45,17:00,LinkedIn,,,,"Short post is fine on Tech365 days - one thing learned, one thing built.",LinkedIn post URL,High,Not Started,No,,Yes,,No,No,15m,
"Watch lectures 361-367 - GitOps project: Helm charts, CI pipeline, ECR",2026-10-28,Wednesday,Week 9,09:00,10:30,Udemy,S31: Final GitOps Project,"361, 362, 363, 364, 365, 366, 367",361. Introduction | 362. Architecture | 363. Git Repository Setup | 364. Helm Charts Part 1 | 365. Helm Charts Part 2 | 366. CI Pipeline Overview | 367. Sonar Qube Server,"Watch actively. Pause after each lecture and write one sentence: what does it do, when would you use it?",Notes in week-XX/notes.md,High,Not Started,No,,No,,No,No,1h 30m,
"Watch lectures 368-371 - GitOps project: Helm charts, CI pipeline, ECR",2026-10-28,Wednesday,Week 9,10:45,12:15,Udemy,S31: Final GitOps Project,"368, 369, 370, 371",368. ECR and IAM | 369. Github Secrets & Variables | 370. CICD Pipeline part 1 | 371. CICD Pipeline part 2,"No passive watching. If a lecture is a demo, follow along in your own terminal.",Notes in week-XX/notes.md,High,Not Started,No,,No,,No,No,1h 30m,
"Hands-on exercise: GitOps project: Helm charts, CI pipeline, ECR",2026-10-28,Wednesday,Week 9,13:15,15:15,Practice,,,,"CAPSTONE BUILD: repo structure, Helm charts, SonarQube, ECR + IAM, GitHub secrets, CI/CD pipeline parts 1 and 2.",Working exercise committed to the repo,High,Not Started,No,,No,,No,No,2h 00m,
Troubleshooting & revision,2026-10-28,Wednesday,Week 9,15:30,16:30,Revision,,,,"Break something on purpose, then fix it. Record symptom, cause and fix.",New row in docs/troubleshooting-log.md,Medium,Not Started,No,,No,,No,No,1h 00m,This log is where your interview answers come from.
Push today's work to GitHub,2026-10-28,Wednesday,Week 9,16:30,16:45,GitHub,,,,"Commit exercises and notes. Small commits, honest messages.",Commit URL,High,Not Started,Yes,,No,,No,No,15m,
Publish LinkedIn learning report,2026-10-28,Wednesday,Week 9,16:45,17:00,LinkedIn,,,,Use linkedin-report-template.md: learned / built / problem / solution / insight. Attach evidence.,LinkedIn post URL,High,Not Started,No,,Yes,,No,No,15m,
Tech365 in-person DevOps class,2026-10-29,Thursday,Week 9,09:00,13:00,Tech365,,,,Fixed commitment. No Udemy work during this block.,Class notes,High,Not Started,No,,No,,No,No,4h 00m,"If Tech365 covers the same topic as today's lectures, note where the two explanations differ."
"Watch lectures 372-375 - EKS prereqs, Terraform EKS, Argo CD",2026-10-29,Thursday,Week 9,14:00,15:00,Udemy,S31: Final GitOps Project,"372, 373, 374, 375",372. EKS Prereqs | 373. Terraform Code for EKS | 374. Argo CD Setup | 375. Argo App Sync,Lighter load today by design. Quality of attention beats volume.,Notes in week-XX/notes.md,High,Not Started,No,,No,,No,No,1h 00m,
Short practical reinforcement,2026-10-29,Thursday,Week 9,15:00,16:00,Practice,,,,"CAPSTONE BUILD: provision EKS with Terraform, install Argo CD, connect it to your Helm chart repo and watch it sync.",Working exercise committed to the repo,Medium,Not Started,No,,No,,No,No,1h 00m,
Revision & interview prep,2026-10-29,Thursday,Week 9,16:00,16:30,Revision,,,,"Lectures 1-118 are already complete - keep them alive. Re-explain one earlier concept out loud, or answer one interview question from a past lab in writing.",One answered question in labs/lab-XX/answers.md,Medium,Not Started,No,,No,,No,No,30m,
Push today's work to GitHub,2026-10-29,Thursday,Week 9,16:30,16:45,GitHub,,,,"Push whatever you built today, even if small.",Commit URL,Medium,Not Started,Yes,,No,,No,No,15m,
Publish LinkedIn learning report,2026-10-29,Thursday,Week 9,16:45,17:00,LinkedIn,,,,"Short post is fine on Tech365 days - one thing learned, one thing built.",LinkedIn post URL,High,Not Started,No,,Yes,,No,No,15m,
"Watch lectures 376-377 - Completing the setup, summary, resumes",2026-10-30,Friday,Week 9,09:00,10:30,Udemy,S31: Final GitOps Project,"376, 377",376. Completing the whole Setup | 377. Summary,"Watch actively. Pause after each lecture and write one sentence: what does it do, when would you use it?",Notes in week-XX/notes.md,High,Not Started,No,,No,,No,No,1h 30m,
"Watch lectures 378 - Completing the setup, summary, resumes",2026-10-30,Friday,Week 9,10:45,12:15,Udemy,S32: Conclusion,378,378. Resumes,"No passive watching. If a lecture is a demo, follow along in your own terminal.",Notes in week-XX/notes.md,High,Not Started,No,,No,,No,No,1h 30m,
"Hands-on exercise: Completing the setup, summary, resumes",2026-10-30,Friday,Week 9,13:15,15:15,Practice,,,,"CAPSTONE BUILD: finish the end-to-end flow, then update your CV with the project while it is fresh.",Working exercise committed to the repo,High,Not Started,No,,No,,No,No,2h 00m,
Troubleshooting & revision,2026-10-30,Friday,Week 9,15:30,16:30,Revision,,,,"Break something on purpose, then fix it. Record symptom, cause and fix.",New row in docs/troubleshooting-log.md,Medium,Not Started,No,,No,,No,No,1h 00m,This log is where your interview answers come from.
Push today's work to GitHub,2026-10-30,Friday,Week 9,16:30,16:45,GitHub,,,,"Commit exercises and notes. Small commits, honest messages.",Commit URL,High,Not Started,Yes,,No,,No,No,15m,
Publish LinkedIn learning report,2026-10-30,Friday,Week 9,16:45,17:00,LinkedIn,,,,Use linkedin-report-template.md: learned / built / problem / solution / insight. Attach evidence.,LinkedIn post URL,High,Not Started,No,,Yes,,No,No,15m,
CAPSTONE: full rebuild from scratch,2026-10-31,Saturday,Week 9,09:00,11:00,Capstone,,,,"Destroy everything and rebuild the entire capstone from your own code and README. If it does not come up, your documentation is not finished.",Working end-to-end deployment,High,Not Started,No,,No,,Yes,No,2h 00m,This is the real test of the whole two months.
"CAPSTONE: monitoring, screenshots, architecture diagram",2026-10-31,Saturday,Week 9,11:15,13:00,Capstone,,,,"Grafana dashboard live, Argo CD sync screenshot, final architecture diagram.",architecture/capstone.png + screenshots,High,Not Started,Yes,,No,,No,No,1h 45m,
"CAPSTONE: README, demo script, interview answers",2026-10-31,Saturday,Week 9,14:00,15:30,Capstone,,,,Write reproduction instructions a stranger could follow. Answer all eight capstone interview questions in writing.,capstone/README.md complete,High,Not Started,Yes,,No,,No,No,1h 30m,
FINAL PRESENTATION - record the full walkthrough,2026-10-31,Saturday,Week 9,15:30,16:30,Presentation,,,,Record 10-15 minutes covering the whole journey. This is your portfolio centrepiece.,Recorded video,High,Not Started,No,,No,,No,Yes,1h 00m,
Final LinkedIn post + tear down ALL cloud resources,2026-10-31,Saturday,Week 9,16:30,17:00,LinkedIn,,,,Post the capstone with the diagram. Then terraform destroy everywhere and confirm a zero-resource account.,LinkedIn post URL + clean AWS account,High,Not Started,No,,Yes,,No,No,30m,Run scripts/aws_audit.py --all-regions and confirm it prints 'Nothing running'.
